uid,title,authors,source,year,doi,times_cited,author_keywords,document_type,wos_url,search_source
WOS:A1992HM99500015,RESIDENCE DIFFERENCES IN FORMAL AND INFORMAL LONG-TERM CARE,"CLARK, DO",GERONTOLOGIST,1992,10.1093/geront/32.2.227,16,RURAL ELDERLY; URBAN ELDERLY; DISABILITY,Article,https://www.webofscience.com/api/gateway?GWVersion=2&SrcApp=wos-lit-review_kkk&SrcAuth=WosAPI&KeyUT=WOS:A1992HM99500015&DestLinkType=FullRecord&DestApp=WOS_CPL,wos_unmet_care_supplement
WOS:A1992JJ74800004,DETERMINANTS OF NEED AND UNMET NEED AMONG CANCER-PATIENTS RESIDING AT HOME,"MOR, V; ALLEN, SM; SIEGEL, K; HOUTS, P",HEALTH SERVICES RESEARCH,1992,,71,,Article,https://www.webofscience.com/api/gateway?GWVersion=2&SrcApp=wos-lit-review_kkk&SrcAuth=WosAPI&KeyUT=WOS:A1992JJ74800004&DestLinkType=FullRecord&DestApp=WOS_CPL,wos_unmet_care_supplement
WOS:A1994NV79900020,GENDER DIFFERENCES IN SPOUSAL CAREGIVING AND UNMET NEED FOR CARE,"ALLEN, SM",JOURNALS OF GERONTOLOGY,1994,10.1093/geronj/49.4.S187,145,,Article,https://www.webofscience.com/api/gateway?GWVersion=2&SrcApp=wos-lit-review_kkk&SrcAuth=WosAPI&KeyUT=WOS:A1994NV79900020&DestLinkType=FullRecord&DestApp=WOS_CPL,wos_unmet_care_supplement
WOS:A1997YE81300005,The prevalence and consequences of unmet need - Contrasts between cider and younger adults with disability,"Allen, SM; Mor, V",MEDICAL CARE,1997,10.1097/00005650-199711000-00005,176,disability; unmet need; home care,Article,https://www.webofscience.com/api/gateway?GWVersion=2&SrcApp=wos-lit-review_kkk&SrcAuth=WosAPI&KeyUT=WOS:A1997YE81300005&DestLinkType=FullRecord&DestApp=WOS_CPL,wos_unmet_care_supplement
WOS:A1997YH51700008,Adolescents report their need for and use of health care services,"ZimmerGembeck, MJ; Alexander, T; Nystrom, RJ",JOURNAL OF ADOLESCENT HEALTH,1997,10.1016/S1054-139X(97)00167-5,72,adolescents; health; access to care; underserved populations; unmet health needs,Article,https://www.webofscience.com/api/gateway?GWVersion=2&SrcApp=wos-lit-review_kkk&SrcAuth=WosAPI&KeyUT=WOS:A1997YH51700008&DestLinkType=FullRecord&DestApp=WOS_CPL,wos_unmet_care_supplement
WOS:000079505200008,Unmet care demands as perceived by stroke patients: deficits in health care?,"Reimer, WJMSO; de Haan, RJ; Rijnders, PT; Limburg, M; van den Bos, GAM",QUALITY IN HEALTH CARE,1999,10.1136/qshc.8.1.30,29,stroke; patients; unmet care; community care,Article,https://www.webofscience.com/api/gateway?GWVersion=2&SrcApp=wos-lit-review_kkk&SrcAuth=WosAPI&KeyUT=WOS:000079505200008&DestLinkType=FullRecord&DestApp=WOS_CPL,wos_unmet_care_supplement
WOS:000086106500015,"Psychiatric morbidity, service use, and need for care in the general population: Results of the Netherlands Mental Health Survey and Incidence Study","Bijl, RV; Ravelli, A",AMERICAN JOURNAL OF PUBLIC HEALTH,2000,10.2105/AJPH.90.4.602,269,,Article,https://www.webofscience.com/api/gateway?GWVersion=2&SrcApp=wos-lit-review_kkk&SrcAuth=WosAPI&KeyUT=WOS:000086106500015&DestLinkType=FullRecord&DestApp=WOS_CPL,wos_unmet_care_supplement
WOS:000086630500005,Unmet needs for assistance with ADLs and IADLs:: A measure of healthy life expectancy,"Carrière, Y; Légaré, J",SOCIAL INDICATORS RESEARCH,2000,10.1023/A:1007078310669,9,,Article,https://www.webofscience.com/api/gateway?GWVersion=2&SrcApp=wos-lit-review_kkk&SrcAuth=WosAPI&KeyUT=WOS:000086630500005&DestLinkType=FullRecord&DestApp=WOS_CPL,wos_unmet_care_supplement
WOS:000168136400004,Telephone support groups for seniors with disabilities,"Stewart, M; Mann, K; Jackson, S; Downe-Wamboldt, B; Bayers, L; Slater, M; Turner, L",CANADIAN JOURNAL ON AGING-REVUE CANADIENNE DU VIEILLISSEMENT,2001,10.1017/S0714980800012137,13,,Article,https://www.webofscience.com/api/gateway?GWVersion=2&SrcApp=wos-lit-review_kkk&SrcAuth=WosAPI&KeyUT=WOS:000168136400004&DestLinkType=FullRecord&DestApp=WOS_CPL,wos_unmet_care_supplement
WOS:000169387000007,Predictors of incident care service utilisation for mental health problems in the Dutch general population,"ten Have, M; Vollebergh, W; Bijl, RV; de Graaf, R",SOCIAL PSYCHIATRY AND PSYCHIATRIC EPIDEMIOLOGY,2001,10.1007/s001270050303,32,,Article,https://www.webofscience.com/api/gateway?GWVersion=2&SrcApp=wos-lit-review_kkk&SrcAuth=WosAPI&KeyUT=WOS:000169387000007&DestLinkType=FullRecord&DestApp=WOS_CPL,wos_unmet_care_supplement
WOS:000170750500013,Targeting risk for unmet need: Not enough help versus no help at all,"Lima, JC; Allen, SM",JOURNALS OF GERONTOLOGY SERIES B-PSYCHOLOGICAL SCIENCES AND SOCIAL SCIENCES,2001,10.1093/geronb/56.5.S302,72,,Article,https://www.webofscience.com/api/gateway?GWVersion=2&SrcApp=wos-lit-review_kkk&SrcAuth=WosAPI&KeyUT=WOS:000170750500013&DestLinkType=FullRecord&DestApp=WOS_CPL,wos_unmet_care_supplement
WOS:000181410000022,Oral health status of rural adults in the United States,"Vargas, CM; Dye, BA; Hayes, KL",JOURNAL OF THE AMERICAN DENTAL ASSOCIATION,2002,10.14219/jada.archive.2002.0120,59,,Article; Meeting,https://www.webofscience.com/api/gateway?GWVersion=2&SrcApp=wos-lit-review_kkk&SrcAuth=WosAPI&KeyUT=WOS:000181410000022&DestLinkType=FullRecord&DestApp=WOS_CPL,wos_unmet_care_supplement
WOS:000182077500003,Outcomes of managed care of dually eligible older persons,"Kane, RL; Homyak, P; Bershadsky, B; Lum, YS; Siadaty, MS",GERONTOLOGIST,2003,10.1093/geront/43.2.165,16,dual eligibles; managed care; Medicare; Medicaid,Article,https://www.webofscience.com/api/gateway?GWVersion=2&SrcApp=wos-lit-review_kkk&SrcAuth=WosAPI&KeyUT=WOS:000182077500003&DestLinkType=FullRecord&DestApp=WOS_CPL,wos_unmet_care_supplement
WOS:000183603900007,A comparison of assistive technology and personal care in alleviating disability and unmet need,"Agree, EM; Freedman, VA",GERONTOLOGIST,2003,10.1093/geront/43.3.335,65,long-term care; effectiveness; activities of daily living,Article; Meeting,https://www.webofscience.com/api/gateway?GWVersion=2&SrcApp=wos-lit-review_kkk&SrcAuth=WosAPI&KeyUT=WOS:000183603900007&DestLinkType=FullRecord&DestApp=WOS_CPL,wos_unmet_care_supplement
WOS:000221111400022,Delays and unmet need for health care among adult primary care patients in a restructured urban public health system,"Diamant, AL; Hays, RD; Morales, LS; Ford, W; Calmes, D; Asch, S; Duan, NH; Fielder, E; Kim, S; Fielding, J; Sumner, G; Shapiro, MF; Hayes-Bautista, D; Gelberg, L",AMERICAN JOURNAL OF PUBLIC HEALTH,2004,10.2105/AJPH.94.5.783,122,,Article,https://www.webofscience.com/api/gateway?GWVersion=2&SrcApp=wos-lit-review_kkk&SrcAuth=WosAPI&KeyUT=WOS:000221111400022&DestLinkType=FullRecord&DestApp=WOS_CPL,wos_unmet_care_supplement
WOS:000223040000010,Insurance for children with special health care needs: Patterns of coverage and burden on families to provide adequate insurance,"Davidoff, AJ",PEDIATRICS,2004,10.1542/peds.114.2.394,76,health insurance; children; chronic conditions; premiums,Article,https://www.webofscience.com/api/gateway?GWVersion=2&SrcApp=wos-lit-review_kkk&SrcAuth=WosAPI&KeyUT=WOS:000223040000010&DestLinkType=FullRecord&DestApp=WOS_CPL,wos_unmet_care_supplement
WOS:000230190300014,Living quarters and unmet need for personal care assistance among adults with disabilities,"Newcomer, R; Kang, T; LaPlante, M; Kaye, S",JOURNALS OF GERONTOLOGY SERIES B-PSYCHOLOGICAL SCIENCES AND SOCIAL SCIENCES,2005,10.1093/geronb/60.4.S205,48,,Article,https://www.webofscience.com/api/gateway?GWVersion=2&SrcApp=wos-lit-review_kkk&SrcAuth=WosAPI&KeyUT=WOS:000230190300014&DestLinkType=FullRecord&DestApp=WOS_CPL,wos_unmet_care_supplement
WOS:000234604900002,Factors associated with health care utilization by the elderly in a public health care system,"Fernández-Olano, C; Hidalgo, JDLT; Cerdá-Díaz, R; Requena-Gallego, M; Sánchez-Castaño, C; Urbistondo-Cascales, L; Otero-Puime, A",HEALTH POLICY,2006,10.1016/j.healthpol.2005.02.005,88,elderly; health care utilization; physician utilization; predicting physician utilization,Article,https://www.webofscience.com/api/gateway?GWVersion=2&SrcApp=wos-lit-review_kkk&SrcAuth=WosAPI&KeyUT=WOS:000234604900002&DestLinkType=FullRecord&DestApp=WOS_CPL,wos_unmet_care_supplement
WOS:000268966500003,Unmet Need in Dementia Caregiving: Current Findings and Future Directions,"Anderson, Keith A.; Gaugler, Joseph E.",TOPICS IN ALZHEIMER'S DISEASE,2006,,1,,Article; Book,https://www.webofscience.com/api/gateway?GWVersion=2&SrcApp=wos-lit-review_kkk&SrcAuth=WosAPI&KeyUT=WOS:000268966500003&DestLinkType=FullRecord&DestApp=WOS_CPL,wos_unmet_care_supplement
WOS:000242811800006,Personal care satisfaction among aged and physically disabled Medicaid beneficiaries,"Khatutsky, Galina; Anderson, Wayne L.; Wiener, Joshua M.",HEALTH CARE FINANCING REVIEW,2006,,11,,Article,https://www.webofscience.com/api/gateway?GWVersion=2&SrcApp=wos-lit-review_kkk&SrcAuth=WosAPI&KeyUT=WOS:000242811800006&DestLinkType=FullRecord&DestApp=WOS_CPL,wos_unmet_care_supplement
WOS:000240837500007,Health care utilization among persons who are unemployed or outside the labour force,"Ahs, Annika Maria Helen; Westerling, Ragnar",HEALTH POLICY,2006,10.1016/j.healthpol.2005.10.010,65,unemployment; health care utilization; perceived unmet care needs,Article,https://www.webofscience.com/api/gateway?GWVersion=2&SrcApp=wos-lit-review_kkk&SrcAuth=WosAPI&KeyUT=WOS:000240837500007&DestLinkType=FullRecord&DestApp=WOS_CPL,wos_unmet_care_supplement
WOS:000242240400004,"Impact of familial adenomatous polyposis on young adults: Attitudes toward genetic testing, support, and information needs","Andrews, Lesley; Mireskandari, Shab; Jessen, Jaime; Thewes, Belinda; Solomon, Michael; Macrae, Finlay; Meiser, Bettina",GENETICS IN MEDICINE,2006,10.1097/01.gim.0000245574.75877.b9,27,,Article,https://www.webofscience.com/api/gateway?GWVersion=2&SrcApp=wos-lit-review_kkk&SrcAuth=WosAPI&KeyUT=WOS:000242240400004&DestLinkType=FullRecord&DestApp=WOS_CPL,wos_unmet_care_supplement
WOS:000241676400023,Functional disability in elderly Nigerians: Results from the Ibadan Study of Aging,"Gureje, Oye; Ogunniyi, Adesola; Kola, Lola; Afolabi, Ebenezer",JOURNAL OF THE AMERICAN GERIATRICS SOCIETY,2006,10.1111/j.1532-5415.2006.00944.x,96,,Article,https://www.webofscience.com/api/gateway?GWVersion=2&SrcApp=wos-lit-review_kkk&SrcAuth=WosAPI&KeyUT=WOS:000241676400023&DestLinkType=FullRecord&DestApp=WOS_CPL,wos_unmet_care_supplement
WOS:000241787100009,Care needs assessment of older Chinese individuals with dementia of Hong Kong,"Chung, J. C. C.",AGING & MENTAL HEALTH,2006,10.1080/13607860600650532,20,,Article,https://www.webofscience.com/api/gateway?GWVersion=2&SrcApp=wos-lit-review_kkk&SrcAuth=WosAPI&KeyUT=WOS:000241787100009&DestLinkType=FullRecord&DestApp=WOS_CPL,wos_unmet_care_supplement
WOS:000254424000079,Sustaining long term care for the elderly during dynamic national population structure changes,"Heffernan, Mark; McDonnell, Geoff","PROCEEDINGS OF THE 2007 CONFERENCE ON SYSTEMS SCIENCE, MANAGEMENT SCIENCE AND SYSTEM DYNAMICS: SUSTAINABLE DEVELOPMENT AND COMPLEX SYSTEMS, VOLS 1-10",2007,,1,demographics; aged care; long term care; service provision; health system dynamics,Meeting,https://www.webofscience.com/api/gateway?GWVersion=2&SrcApp=wos-lit-review_kkk&SrcAuth=WosAPI&KeyUT=WOS:000254424000079&DestLinkType=FullRecord&DestApp=WOS_CPL,wos_unmet_care_supplement
WOS:000260669300002,Adjusting to personal and organisational change: Views and experiences of female nurses aged 40-60 years,"Gabrielle, Sarah; Jackson, Debra; Mannix, Judy",COLLEGIAN,2008,10.1016/j.colegn.2007.09.001,19,Ageing; Older; Female nurses; Qualitative; Feminist,Article,https://www.webofscience.com/api/gateway?GWVersion=2&SrcApp=wos-lit-review_kkk&SrcAuth=WosAPI&KeyUT=WOS:000260669300002&DestLinkType=FullRecord&DestApp=WOS_CPL,wos_unmet_care_supplement
WOS:000254543200016,Transition to adulthood: Delays and unmet needs among adolescents and young adults with asthma,"Scal, Peter; Davern, Michael; Ireland, Marjorie; Park, Kyong",JOURNAL OF PEDIATRICS,2008,10.1016/j.jpeds.2007.10.004,46,,Article,https://www.webofscience.com/api/gateway?GWVersion=2&SrcApp=wos-lit-review_kkk&SrcAuth=WosAPI&KeyUT=WOS:000254543200016&DestLinkType=FullRecord&DestApp=WOS_CPL,wos_unmet_care_supplement
WOS:000255532300007,Use of eye care services and need for assistance in the visually impaired,"Laitinen, Arja; Koskinen, Seppo; Rudanko, Sirkka-Liisa; Martelin, Tuija; Laatikainen, Leila; Aromaa, Arpo",OPTOMETRY AND VISION SCIENCE,2008,10.1097/OPX.0b013e31816bea29,12,visual impairment; low vision aids; rehabilitation; need for assistance; epidemiology,Article; Meeting,https://www.webofscience.com/api/gateway?GWVersion=2&SrcApp=wos-lit-review_kkk&SrcAuth=WosAPI&KeyUT=WOS:000255532300007&DestLinkType=FullRecord&DestApp=WOS_CPL,wos_unmet_care_supplement
WOS:000258518500013,Spousal caregiving in late midlife versus older ages: Implications of work and family obligations,"Lima, Julie C.; Allen, Susan M.; Goldscheider, Frances; Intrator, Orna",JOURNALS OF GERONTOLOGY SERIES B-PSYCHOLOGICAL SCIENCES AND SOCIAL SCIENCES,2008,10.1093/geronb/63.4.S229,60,age differences; life stage; caregiving; spouses; activities of daily living,Article; Meeting,https://www.webofscience.com/api/gateway?GWVersion=2&SrcApp=wos-lit-review_kkk&SrcAuth=WosAPI&KeyUT=WOS:000258518500013&DestLinkType=FullRecord&DestApp=WOS_CPL,wos_unmet_care_supplement
WOS:000262810600295,IDENTIFYING DISPARITIES AND UNMET CARE NEEDS OF SPECIFIC POPULATIONS OF OLDER ADULTS,"D'Avolio, D.; Shawler, C.; Capezuti, E.",GERONTOLOGIST,2008,,0,,Abstract,https://www.webofscience.com/api/gateway?GWVersion=2&SrcApp=wos-lit-review_kkk&SrcAuth=WosAPI&KeyUT=WOS:000262810600295&DestLinkType=FullRecord&DestApp=WOS_CPL,wos_unmet_care_supplement
WOS:000263269700001,A real-life observational study of the effectiveness of FACT in a Dutch mental health region,"Drukker, Marjan; Maarschalkerweerd, Myrte; Bak, Maarten; Driessen, Ger; Campo, Joost a; de Bie, Arthur; Poddighe, Giovanni; van Os, Jim; Delespaul, Philippe",BMC PSYCHIATRY,2008,10.1186/1471-244X-8-93,33,,Article,https://www.webofscience.com/api/gateway?GWVersion=2&SrcApp=wos-lit-review_kkk&SrcAuth=WosAPI&KeyUT=WOS:000263269700001&DestLinkType=FullRecord&DestApp=WOS_CPL,wos_unmet_care_supplement
WOS:000212451500007,"'Your whole Life, Your whole World, It Changes': Partners' Experiences of Living with Rheumatoid Arthritis","Matheson, L.; Harcourt, D.; Hewlett, S.",MUSCULOSKELETAL CARE,2010,10.1002/msc.165,34,Burden; partners; psychosocial qualitative research; rheumatoid arthritis,Article,https://www.webofscience.com/api/gateway?GWVersion=2&SrcApp=wos-lit-review_kkk&SrcAuth=WosAPI&KeyUT=WOS:000212451500007&DestLinkType=FullRecord&DestApp=WOS_CPL,wos_unmet_care_supplement
WOS:000421256300003,The New Zealand informal caregivers and their unmet needs,"Jorgensen, Diane; Parsons, Matthew; Jacobs, Stephen; Arksey, Hilary",NEW ZEALAND MEDICAL JOURNAL,2010,,24,,Article,https://www.webofscience.com/api/gateway?GWVersion=2&SrcApp=wos-lit-review_kkk&SrcAuth=WosAPI&KeyUT=WOS:000421256300003&DestLinkType=FullRecord&DestApp=WOS_CPL,wos_unmet_care_supplement
WOS:000280828900003,Exploration of Informal Caregiving Following Hip Fracture,"Nahm, Eun-Shim; Resnick, Barbara; Orwig, Denise; Magaziner, Jay; DeGrezia, Mary",GERIATRIC NURSING,2010,10.1016/j.gerinurse.2010.01.003,66,,Article,https://www.webofscience.com/api/gateway?GWVersion=2&SrcApp=wos-lit-review_kkk&SrcAuth=WosAPI&KeyUT=WOS:000280828900003&DestLinkType=FullRecord&DestApp=WOS_CPL,wos_unmet_care_supplement
WOS:000280846500004,Correlates of quality of life in an Arab schizophrenia sample,"Zahid, Muhammad Ajmal; Ohaeri, J. U.; Elshazly, A. S.; Basiouny, M. A.; Hamoda, H. M.; Varghese, R.",SOCIAL PSYCHIATRY AND PSYCHIATRIC EPIDEMIOLOGY,2010,10.1007/s00127-009-0131-4,12,Schizophrenia; Arab; Quality of life; Lancashire quality of life profile,Article,https://www.webofscience.com/api/gateway?GWVersion=2&SrcApp=wos-lit-review_kkk&SrcAuth=WosAPI&KeyUT=WOS:000280846500004&DestLinkType=FullRecord&DestApp=WOS_CPL,wos_unmet_care_supplement
WOS:000282322300006,Return Migration and the Health of Older Aged Parents: Evidence From Rural Thailand,"Zimmer, Zachary; Knodel, John",JOURNAL OF AGING AND HEALTH,2010,10.1177/0898264309360673,12,demography; living arrangements; Asians; families; migration,Article,https://www.webofscience.com/api/gateway?GWVersion=2&SrcApp=wos-lit-review_kkk&SrcAuth=WosAPI&KeyUT=WOS:000282322300006&DestLinkType=FullRecord&DestApp=WOS_CPL,wos_unmet_care_supplement
WOS:000281765900007,Use of formal and informal care services among older people in Ireland and France,"Gannon, Brenda; Davin, Berengere",EUROPEAN JOURNAL OF HEALTH ECONOMICS,2010,10.1007/s10198-010-0247-1,43,Formal and informal care; Unmet needs; Older people,Article,https://www.webofscience.com/api/gateway?GWVersion=2&SrcApp=wos-lit-review_kkk&SrcAuth=WosAPI&KeyUT=WOS:000281765900007&DestLinkType=FullRecord&DestApp=WOS_CPL,wos_unmet_care_supplement
WOS:000284118800001,Factors associated with hospital service satisfaction in a sample of Arab subjects with schizophrenia,"Zahid, Muhammad A.; Ohaeri, Jude U.; Al-Zayed, Adel A.",BMC HEALTH SERVICES RESEARCH,2010,10.1186/1472-6963-10-294,13,,Article,https://www.webofscience.com/api/gateway?GWVersion=2&SrcApp=wos-lit-review_kkk&SrcAuth=WosAPI&KeyUT=WOS:000284118800001&DestLinkType=FullRecord&DestApp=WOS_CPL,wos_unmet_care_supplement
WOS:000298106100006,Unmet Need for Assistance to Perform Activities of Daily Living and Psychological Distress in Community-Dwelling Elderly Women,"Quail, Jacqueline M.; Wolfson, Christina; Lippman, Abby",CANADIAN JOURNAL ON AGING-REVUE CANADIENNE DU VIEILLISSEMENT,2011,10.1017/S0714980811000493,28,aging/vieillissment; unmet need; disability; elderly; mental health,Article,https://www.webofscience.com/api/gateway?GWVersion=2&SrcApp=wos-lit-review_kkk&SrcAuth=WosAPI&KeyUT=WOS:000298106100006&DestLinkType=FullRecord&DestApp=WOS_CPL,wos_unmet_care_supplement
WOS:000288093500010,Identification of community-residing individuals with dementia and their unmet needs for care,"Johnston, D.; Samus, Q. M.; Morrison, A.; Leoutsakos, J. S.; Hicks, K.; Handel, S.; Rye, R.; Robbins, B.; Rabins, P. V.; Lyketsos, C. G.; Black, B. S.",INTERNATIONAL JOURNAL OF GERIATRIC PSYCHIATRY,2011,10.1002/gps.2527,62,dementia; needs assessment; community outreach; caregivers; telephone screen; in-home dementia evaluation; home-based dementia care,Article,https://www.webofscience.com/api/gateway?GWVersion=2&SrcApp=wos-lit-review_kkk&SrcAuth=WosAPI&KeyUT=WOS:000288093500010&DestLinkType=FullRecord&DestApp=WOS_CPL,wos_unmet_care_supplement
WOS:000291188800003,Unmet need for treatment in the eating disorders: A systematic review of eating disorder specific treatment seeking among community cases,"Hart, Laura M.; Granillo, M. Teresa; Jorm, Anthony F.; Paxton, Susan J.",CLINICAL PSYCHOLOGY REVIEW,2011,10.1016/j.cpr.2011.03.004,445,Eating disorders; Treatment seeking; Systematic review; Unmet need for care,Review,https://www.webofscience.com/api/gateway?GWVersion=2&SrcApp=wos-lit-review_kkk&SrcAuth=WosAPI&KeyUT=WOS:000291188800003&DestLinkType=FullRecord&DestApp=WOS_CPL,wos_unmet_care_supplement
WOS:000301570800004,"Satisfaction of Needs of Disabled People 60 and over According to Care Provider. Spain, 2008","Rogero-Garcia, Jesus; Ahmed-Mohamed, Karim",REVISTA ESPANOLA DE SALUD PUBLICA,2011,10.1590/S1135-57272011000600004,4,Aged; Frail elderly; Disabled persons; Caregivers; Family Caregivers; Home care services; Needs assessment; Spain,Article,https://www.webofscience.com/api/gateway?GWVersion=2&SrcApp=wos-lit-review_kkk&SrcAuth=WosAPI&KeyUT=WOS:000301570800004&DestLinkType=FullRecord&DestApp=WOS_CPL,wos_unmet_care_supplement
WOS:000300935400013,Late-life depression: systematic assessment of care needs as a basis for treatment,"Houtjes, W.; van Meijel, B.; Deeg, D. J. H.; Beekman, A. T. F.",JOURNAL OF PSYCHIATRIC AND MENTAL HEALTH NURSING,2012,10.1111/j.1365-2850.2011.01823.x,5,art of nursing; depression; rural mental health,Article,https://www.webofscience.com/api/gateway?GWVersion=2&SrcApp=wos-lit-review_kkk&SrcAuth=WosAPI&KeyUT=WOS:000300935400013&DestLinkType=FullRecord&DestApp=WOS_CPL,wos_unmet_care_supplement
WOS:000304614200004,A systematic review of unmet needs of newly diagnosed older cancer patients undergoing active cancer treatment,"Puts, M. T. E.; Papoutsis, A.; Springall, E.; Tourangeau, A. E.",SUPPORTIVE CARE IN CANCER,2012,10.1007/s00520-012-1450-7,190,Systematic review; Geriatric oncology; Supportive care needs; Frail elderly; Newly diagnosed cancer; Unmet needs,Review,https://www.webofscience.com/api/gateway?GWVersion=2&SrcApp=wos-lit-review_kkk&SrcAuth=WosAPI&KeyUT=WOS:000304614200004&DestLinkType=FullRecord&DestApp=WOS_CPL,wos_unmet_care_supplement
WOS:000308357500001,Emerging organisational models of primary healthcare and unmet needs for care: insights from a population-based survey in Quebec province,"Levesque, Jean-Frederic; Pineault, Raynald; Hamel, Marjolaine; Roberge, Daniele; Kapetanakis, Costas; Simard, Brigitte; Prud'homme, Alexandre",BMC FAMILY PRACTICE,2012,10.1186/1471-2296-13-66,47,Primary care; Unmet needs for care; Primary healthcare organization; Vulnerability,Article,https://www.webofscience.com/api/gateway?GWVersion=2&SrcApp=wos-lit-review_kkk&SrcAuth=WosAPI&KeyUT=WOS:000308357500001&DestLinkType=FullRecord&DestApp=WOS_CPL,wos_unmet_care_supplement
WOS:000321023700010,Psychotic Experiences and Psychotic Disorders at Age 18 in Relation to Psychotic Experiences at Age 12 in a Longitudinal Population-Based Cohort Study,"Zammit, Stanley; Kounali, Daphne; Cannon, Mary; David, Anthony S.; Gunnell, David; Heron, Jon; Jones, Peter B.; Lewis, Shon; Sullivan, Sarah; Wolke, Dieter; Lewis, Glyn",AMERICAN JOURNAL OF PSYCHIATRY,2013,10.1176/appi.ajp.2013.12060768,280,,Article,https://www.webofscience.com/api/gateway?GWVersion=2&SrcApp=wos-lit-review_kkk&SrcAuth=WosAPI&KeyUT=WOS:000321023700010&DestLinkType=FullRecord&DestApp=WOS_CPL,wos_unmet_care_supplement
WOS:000322504600002,(In)Formal Support and Unmet Needs in The National Long-Term Care Survey,"Davey, Adam; Takagi, Emiko; Sundstrom, Gerdt; Malmberg, Bo",JOURNAL OF COMPARATIVE FAMILY STUDIES,2013,,13,,Article,https://www.webofscience.com/api/gateway?GWVersion=2&SrcApp=wos-lit-review_kkk&SrcAuth=WosAPI&KeyUT=WOS:000322504600002&DestLinkType=FullRecord&DestApp=WOS_CPL,wos_unmet_care_supplement
WOS:000322915100010,Assessment without action; a randomised evaluation of the <i>inter</i>RAI home care compared to a national assessment tool on identification of needs and service provision for older people in New Zealand,"Parsons, Matthew; Senior, Hugh; Chen, Xenia Mei-Hu; Jacobs, Stephen; Parsons, John; Sheridan, Nicolette; Kenealy, Timothy",HEALTH & SOCIAL CARE IN THE COMMUNITY,2013,10.1111/hsc.12045,23,access to health-care; access to support; assessment; care of elderly people; care planning and management; older person,Article,https://www.webofscience.com/api/gateway?GWVersion=2&SrcApp=wos-lit-review_kkk&SrcAuth=WosAPI&KeyUT=WOS:000322915100010&DestLinkType=FullRecord&DestApp=WOS_CPL,wos_unmet_care_supplement
WOS:000326352500019,Lack of motivation for treatment associated with greater care needs and psychosocial problems,"Stobbe, Jolanda; Wierdsma, Andre I.; Kok, Rob M.; Kroon, Hans; Depla, Marja; Roosenschoon, Bert-Jan; Mulder, Cornelis L.",AGING & MENTAL HEALTH,2013,10.1080/13607863.2013.807422,8,assertive community treatment; CANE; elderly; difficult-to-engage; severe mental illness,Article,https://www.webofscience.com/api/gateway?GWVersion=2&SrcApp=wos-lit-review_kkk&SrcAuth=WosAPI&KeyUT=WOS:000326352500019&DestLinkType=FullRecord&DestApp=WOS_CPL,wos_unmet_care_supplement
WOS:000326030300004,"Cancer survivors with self-reported late effects: their health status, care needs and service utilisation","Treanor, Charlene; Santin, Olinda; Mills, Moyra; Donnelly, Michael",PSYCHO-ONCOLOGY,2013,10.1002/pon.3304,20,cancer; oncology; late effects; quality of life; health service use,Article,https://www.webofscience.com/api/gateway?GWVersion=2&SrcApp=wos-lit-review_kkk&SrcAuth=WosAPI&KeyUT=WOS:000326030300004&DestLinkType=FullRecord&DestApp=WOS_CPL,wos_unmet_care_supplement
WOS:000325426200017,Unmet support needs and distress among women with a <i>BRCA1</i>/<i>2</i> mutation,"Farrelly, Ashley; White, Victoria; Meiser, Bettina; Jefford, Michael; Young, Mary-Anne; Ieropoli, Sandra; Winship, Ingrid; Duffy, Jessica",FAMILIAL CANCER,2013,10.1007/s10689-012-9596-5,24,BRCA1/2; Psychological distress; Unmet needs; Breast/ovarian cancer; Impact of Events Scale,Article,https://www.webofscience.com/api/gateway?GWVersion=2&SrcApp=wos-lit-review_kkk&SrcAuth=WosAPI&KeyUT=WOS:000325426200017&DestLinkType=FullRecord&DestApp=WOS_CPL,wos_unmet_care_supplement
WOS:000327535000005,Parents' Perspectives of Cleft Lip and/or Palate Services: A Qualitative Interview,"Nelson, Pauline A.; Kirk, Susan A.",CLEFT PALATE CRANIOFACIAL JOURNAL,2013,10.1597/11-293,41,adolescents; children; cleft services; grounded theory; information; parents' perspectives; qualitative methods,Article,https://www.webofscience.com/api/gateway?GWVersion=2&SrcApp=wos-lit-review_kkk&SrcAuth=WosAPI&KeyUT=WOS:000327535000005&DestLinkType=FullRecord&DestApp=WOS_CPL,wos_unmet_care_supplement
WOS:000327735600026,Disabled older people's use of health and social care services and their unmet care needs in six European countries,"Bien, Barbara; McKee, Kevin J.; Doehner, Hanneli; Triantafillou, Judith; Lamura, Giovanni; Doroszkiewicz, Halina; Krevers, Barbro; Kofahl, Christopher",EUROPEAN JOURNAL OF PUBLIC HEALTH,2013,10.1093/eurpub/cks190,50,,Article,https://www.webofscience.com/api/gateway?GWVersion=2&SrcApp=wos-lit-review_kkk&SrcAuth=WosAPI&KeyUT=WOS:000327735600026&DestLinkType=FullRecord&DestApp=WOS_CPL,wos_unmet_care_supplement
WOS:000409567500069,The support needs of terminally ill people living alone at home: a narrative review,"Aoun, Samar M.; Breen, Lauren J.; Howting, Denise",HEALTH PSYCHOLOGY AND BEHAVIORAL MEDICINE,2014,10.1080/21642850.2014.933342,18,palliative care; home care; living alone; hospice; social support; place of death,Review,https://www.webofscience.com/api/gateway?GWVersion=2&SrcApp=wos-lit-review_kkk&SrcAuth=WosAPI&KeyUT=WOS:000409567500069&DestLinkType=FullRecord&DestApp=WOS_CPL,wos_unmet_care_supplement
WOS:000210480900048,Unmet support needs of early-onset dementia family caregivers: a mixed-design study,"Ducharme, Francine; Kergoat, Marie-Jeanne; Coulombe, Rene; Lvesque, Louise; Antoine, Pascal; Pasquier, Florence",BMC NURSING,2014,10.1186/s12912-014-0049-3,60,Caregivers; Early-onset dementia; Unmet support needs; Partnership approach; Professional interventions,Article,https://www.webofscience.com/api/gateway?GWVersion=2&SrcApp=wos-lit-review_kkk&SrcAuth=WosAPI&KeyUT=WOS:000210480900048&DestLinkType=FullRecord&DestApp=WOS_CPL,wos_unmet_care_supplement
WOS:000325984500007,Self-perceived met and unmet care needs of frail older adults in primary care,"Hoogendijk, Emiel O.; Muntinga, Maaike E.; van Leeuwen, Karen M.; van der Horst, Henriette E.; Deeg, Dorly J. H.; Frijters, Dinnus H. M.; Hermsen, Lotte A. H.; Jansen, Aaltje P. D.; Nijpels, Giel; van Hout, Hein P. J.",ARCHIVES OF GERONTOLOGY AND GERIATRICS,2014,10.1016/j.archger.2013.09.001,69,Frailty; Needs assessment; Care needs; Primary care; Older people,Article,https://www.webofscience.com/api/gateway?GWVersion=2&SrcApp=wos-lit-review_kkk&SrcAuth=WosAPI&KeyUT=WOS:000325984500007&DestLinkType=FullRecord&DestApp=WOS_CPL,wos_unmet_care_supplement
WOS:000330375200011,Prevalence and Predictors of Unmet Functional Care Needs in Assisted Living Facilities,"Mitchell, Judith M.",TOPICS IN GERIATRIC REHABILITATION,2013,10.1097/TGR.0b013e31828f3db0,4,assisted living; function; long-term care; quality of care; social environment; staff-resident relations; unmet need,Article,https://www.webofscience.com/api/gateway?GWVersion=2&SrcApp=wos-lit-review_kkk&SrcAuth=WosAPI&KeyUT=WOS:000330375200011&DestLinkType=FullRecord&DestApp=WOS_CPL,wos_unmet_care_supplement
WOS:000336086700011,A Multidimensional Home-Based Care Coordination Intervention for Elders with Memory Disorders: The Maximizing Independence at Home (MIND) Pilot Randomized Trial,"Samus, Quincy M.; Johnston, Deirdre; Black, Betty S.; Hess, Edward; Lyman, Christopher; Vavilikolanu, Amrita; Pollutra, Jane; Leoutsakos, Jeannie-Marie; Gitlin, Laura N.; Rabins, Peter V.; Lyketsos, Constantine G.",AMERICAN JOURNAL OF GERIATRIC PSYCHIATRY,2014,10.1016/j.jagp.2013.12.175,129,Dementia; care coordination; community; memory disorders; intervention; care management,Article,https://www.webofscience.com/api/gateway?GWVersion=2&SrcApp=wos-lit-review_kkk&SrcAuth=WosAPI&KeyUT=WOS:000336086700011&DestLinkType=FullRecord&DestApp=WOS_CPL,wos_unmet_care_supplement
WOS:000333696400010,Met and unmet need for personal assistance among community-dwelling New Zealanders 75years and over,"Wilkinson-Meyers, Laura; Brown, Paul; McLean, Chris; Kerse, Ngaire",HEALTH & SOCIAL CARE IN THE COMMUNITY,2014,10.1111/hsc.12087,26,older people; ageing in place; unmet need; personal assistance,Article,https://www.webofscience.com/api/gateway?GWVersion=2&SrcApp=wos-lit-review_kkk&SrcAuth=WosAPI&KeyUT=WOS:000333696400010&DestLinkType=FullRecord&DestApp=WOS_CPL,wos_unmet_care_supplement
WOS:000335330700027,Need and Unmet Need for Care Coordination Among Children With Mental Health Conditions,"Brown, Nicole M.; Green, Jeremy C.; Desai, Mayur M.; Weitzman, Carol C.; Rosenthal, Marjorie S.",PEDIATRICS,2014,10.1542/peds.2013-2590,63,care coordination; family-centered care; health care delivery; medical home; mental health,Article,https://www.webofscience.com/api/gateway?GWVersion=2&SrcApp=wos-lit-review_kkk&SrcAuth=WosAPI&KeyUT=WOS:000335330700027&DestLinkType=FullRecord&DestApp=WOS_CPL,wos_unmet_care_supplement
WOS:000340232200008,Unmet information and support needs in newly diagnosed thyroid cancer: comparison of adolescents/young adults (AYA) and older patients,"Goldfarb, Melanie; Casillas, Jacqueline",JOURNAL OF CANCER SURVIVORSHIP,2014,10.1007/s11764-014-0345-7,56,Thyroid cancer; AYA; Information needs; Support needs,Article,https://www.webofscience.com/api/gateway?GWVersion=2&SrcApp=wos-lit-review_kkk&SrcAuth=WosAPI&KeyUT=WOS:000340232200008&DestLinkType=FullRecord&DestApp=WOS_CPL,wos_unmet_care_supplement
WOS:000343045500027,Prevalence and correlates of unmet supportive care needs in patients with resected invasive cutaneous melanoma,"Molassiotis, A.; Brunton, L.; Hodgetts, J.; Green, A. C.; Beesley, V. L.; Mulatero, C.; Newton-Bishop, J. A.; Lorigan, P.",ANNALS OF ONCOLOGY,2014,10.1093/annonc/mdu366,57,melanoma; supportive care needs; quality of life; anxiety; depression,Article,https://www.webofscience.com/api/gateway?GWVersion=2&SrcApp=wos-lit-review_kkk&SrcAuth=WosAPI&KeyUT=WOS:000343045500027&DestLinkType=FullRecord&DestApp=WOS_CPL,wos_unmet_care_supplement
WOS:000354733900006,"The Residential Continuum From Home to Nursing Home: Size, Characteristics and Unmet Needs of Older Adults","Freedman, Vicki A.; Spillman, Brenda C.",JOURNALS OF GERONTOLOGY SERIES B-PSYCHOLOGICAL SCIENCES AND SOCIAL SCIENCES,2014,10.1093/geronb/gbu120,99,Housing; Long-term care; Residential care; Unmet need,Article,https://www.webofscience.com/api/gateway?GWVersion=2&SrcApp=wos-lit-review_kkk&SrcAuth=WosAPI&KeyUT=WOS:000354733900006&DestLinkType=FullRecord&DestApp=WOS_CPL,wos_unmet_care_supplement
WOS:000344948000008,The relationship between unmet care needs in young-onset dementia and the course of neuropsychiatric symptoms: a two-year follow-up study,"Bakker, Christian; de Vugt, Marjolein E.; van Vliet, Deliane; Verhey, Frans R. J.; Pijnenburg, Yolande A.; Vernooij-Dassen, Myrra J. F. J.; Koopmans, Raymond T. C. M.",INTERNATIONAL PSYCHOGERIATRICS,2014,10.1017/S1041610213001476,55,early onset dementia; care needs; neuropsychiatric symptoms,Article,https://www.webofscience.com/api/gateway?GWVersion=2&SrcApp=wos-lit-review_kkk&SrcAuth=WosAPI&KeyUT=WOS:000344948000008&DestLinkType=FullRecord&DestApp=WOS_CPL,wos_unmet_care_supplement
WOS:000349535600005,The Impacts of Unmet Needs for Long-Term Care on Mortality Among Older Adults in China,"Zhen, Zhihong; Feng, Qiushi; Gu, Danan",JOURNAL OF DISABILITY POLICY STUDIES,2015,10.1177/1044207313486521,49,long-term care; unmet needs; older adults; mortality; China,Article,https://www.webofscience.com/api/gateway?GWVersion=2&SrcApp=wos-lit-review_kkk&SrcAuth=WosAPI&KeyUT=WOS:000349535600005&DestLinkType=FullRecord&DestApp=WOS_CPL,wos_unmet_care_supplement
WOS:000350533500001,The effect of coresidence on parental health in Japan,"Maruyama, Shiko",JOURNAL OF THE JAPANESE AND INTERNATIONAL ECONOMIES,2015,10.1016/j.jjie.2014.12.001,8,Intergenerational coresidence; The elderly in Japan; Non-random selection; Heterogeneous treatment effects; Factor structure model; Demand for longevity,Article,https://www.webofscience.com/api/gateway?GWVersion=2&SrcApp=wos-lit-review_kkk&SrcAuth=WosAPI&KeyUT=WOS:000350533500001&DestLinkType=FullRecord&DestApp=WOS_CPL,wos_unmet_care_supplement
WOS:000350784900010,"Care Coordination, the Family-Centered Medical Home, and Functional Disability Among Children With Special Health Care Needs","Litt, Jonathan S.; McCormick, Marie C.",ACADEMIC PEDIATRICS,2015,10.1016/j.acap.2014.08.006,48,care coordination; children with special health care needs; disability; medical home,Article,https://www.webofscience.com/api/gateway?GWVersion=2&SrcApp=wos-lit-review_kkk&SrcAuth=WosAPI&KeyUT=WOS:000350784900010&DestLinkType=FullRecord&DestApp=WOS_CPL,wos_unmet_care_supplement
WOS:000353443700001,The business of death: a qualitative study of financial concerns of widowed older women,"DiGiacomo, Michelle; Lewis, Joanne; Phillips, Jane; Nolan, Marie; Davidson, Patricia M.",BMC WOMENS HEALTH,2015,10.1186/s12905-015-0194-1,36,,Article,https://www.webofscience.com/api/gateway?GWVersion=2&SrcApp=wos-lit-review_kkk&SrcAuth=WosAPI&KeyUT=WOS:000353443700001&DestLinkType=FullRecord&DestApp=WOS_CPL,wos_unmet_care_supplement
WOS:000354977700011,Support Needs of Fathers and Mothers of Children and Adolescents with Autism Spectrum Disorder,"Hartley, Sigan L.; Schultz, Haley M.",JOURNAL OF AUTISM AND DEVELOPMENTAL DISORDERS,2015,10.1007/s10803-014-2318-0,90,Autism; Support; Services; Parent; Father,Article,https://www.webofscience.com/api/gateway?GWVersion=2&SrcApp=wos-lit-review_kkk&SrcAuth=WosAPI&KeyUT=WOS:000354977700011&DestLinkType=FullRecord&DestApp=WOS_CPL,wos_unmet_care_supplement
WOS:000354733900007,The Adverse Consequences of Unmet Need Among Older Persons Living in the Community: Dual-Eligible Versus Medicare-Only Beneficiaries,"Allen, Susan M.; Piette, Elizabeth R.; Mor, Vincent",JOURNALS OF GERONTOLOGY SERIES B-PSYCHOLOGICAL SCIENCES AND SOCIAL SCIENCES,2014,10.1093/geronb/gbu124,102,Adverse consequences; Disability; Integrated care; Unmet need,Article,https://www.webofscience.com/api/gateway?GWVersion=2&SrcApp=wos-lit-review_kkk&SrcAuth=WosAPI&KeyUT=WOS:000354733900007&DestLinkType=FullRecord&DestApp=WOS_CPL,wos_unmet_care_supplement
WOS:000354733900004,The Role of Accommodations in Poststroke Disability Management,"Skolarus, Lesli E.; Burke, James F.; Freedman, Vicki A.",JOURNALS OF GERONTOLOGY SERIES B-PSYCHOLOGICAL SCIENCES AND SOCIAL SCIENCES,2014,10.1093/geronb/gbu117,17,Assistive devices; Disability; Personal assistance; Stroke survivors,Article,https://www.webofscience.com/api/gateway?GWVersion=2&SrcApp=wos-lit-review_kkk&SrcAuth=WosAPI&KeyUT=WOS:000354733900004&DestLinkType=FullRecord&DestApp=WOS_CPL,wos_unmet_care_supplement
WOS:000355737300017,Estimating service demand for respite care among informal carers of people with psychological disabilities in Australia,"Harris, Meredith; Diminic, Sandra; Marshall, Caroline; Stockings, Emily; Degenhardt, Louisa",AUSTRALIAN AND NEW ZEALAND JOURNAL OF PUBLIC HEALTH,2015,10.1111/1753-6405.12337,13,mental disorders; health services; respite care; disability,Article,https://www.webofscience.com/api/gateway?GWVersion=2&SrcApp=wos-lit-review_kkk&SrcAuth=WosAPI&KeyUT=WOS:000355737300017&DestLinkType=FullRecord&DestApp=WOS_CPL,wos_unmet_care_supplement
WOS:000357901500002,Balancing Illness and Parental Demands: Coping With Cancer While Raising Minor Children,"Rashi, Corinne; Wittman, Trinity; Tsimicalis, Argerie; Loiselle, Carmen G.",ONCOLOGY NURSING FORUM,2015,10.1188/15.ONF.337-344,31,parents with cancer; qualitative research; family-centered care; child care; psychosocial support,Article,https://www.webofscience.com/api/gateway?GWVersion=2&SrcApp=wos-lit-review_kkk&SrcAuth=WosAPI&KeyUT=WOS:000357901500002&DestLinkType=FullRecord&DestApp=WOS_CPL,wos_unmet_care_supplement
WOS:000360572300031,Preliminary Results of a Randomised Controlled Trial of an Online Psychological Intervention to Reduce Distress in Men Treated for Localised Prostate Cancer,"Wootten, Addie C.; Abbott, Jo-Anne M.; Meyer, Denny; Chisholm, Katherine; Austin, David W.; Klein, Britt; McCabe, Marita; Murphy, Declan G.; Costello, Anthony J.",EUROPEAN UROLOGY,2015,10.1016/j.eururo.2014.10.024,62,Prostate cancer; Distress; Psychological intervention; Survivorship; Quality of life,Article,https://www.webofscience.com/api/gateway?GWVersion=2&SrcApp=wos-lit-review_kkk&SrcAuth=WosAPI&KeyUT=WOS:000360572300031&DestLinkType=FullRecord&DestApp=WOS_CPL,wos_unmet_care_supplement
WOS:000360320100022,Community-Dwelling Patients With Dementia and Their Informal Caregivers With and Without Case Management: 2-Year Outcomes of a Pragmatic Trial,"Vroomen, Janet MacNeil; Bosmans, Judith E.; van de Ven, Peter M.; Joling, Karlijn J.; van Mierlo, Lisa D.; Meiland, Franka J. M.; van Charante, Eric P. Moll; van Hout, Hein P. J.; de Rooij, Sophia E.",JOURNAL OF THE AMERICAN MEDICAL DIRECTORS ASSOCIATION,2015,10.1016/j.jamda.2015.06.011,30,Case management; longitudinal study; dementia; informal caregivers,Article,https://www.webofscience.com/api/gateway?GWVersion=2&SrcApp=wos-lit-review_kkk&SrcAuth=WosAPI&KeyUT=WOS:000360320100022&DestLinkType=FullRecord&DestApp=WOS_CPL,wos_unmet_care_supplement
WOS:000360767900001,Community care for the Elderly: Needs and Service Use Study (CENSUS): Who receives home care packages and what are the outcomes?,"Low, Lee-Fay; Fletcher, Jennifer; Gresham, Meredith; Brodaty, Henry",AUSTRALASIAN JOURNAL ON AGEING,2015,10.1111/ajag.12155,14,aged; health service for the aged; health service need and demand; home care service; needs assessment,Article,https://www.webofscience.com/api/gateway?GWVersion=2&SrcApp=wos-lit-review_kkk&SrcAuth=WosAPI&KeyUT=WOS:000360767900001&DestLinkType=FullRecord&DestApp=WOS_CPL,wos_unmet_care_supplement
WOS:000363482300011,Unmet Need for ADL Assistance Is Associated With Mortality Among Older Adults With Mild Disability,"He, Shuang; Craig, Bruce A.; Xu, Huiping; Covinsky, Kenneth E.; Stallard, Eric; Thomas, Joseph, III; Hass, Zach; Sands, Laura P.",JOURNALS OF GERONTOLOGY SERIES A-BIOLOGICAL SCIENCES AND MEDICAL SCIENCES,2015,10.1093/gerona/glv028,95,Activities of daily living; Mortality; Unmet need,Article,https://www.webofscience.com/api/gateway?GWVersion=2&SrcApp=wos-lit-review_kkk&SrcAuth=WosAPI&KeyUT=WOS:000363482300011&DestLinkType=FullRecord&DestApp=WOS_CPL,wos_unmet_care_supplement
WOS:000367452300005,Unmet Assistance Need Among Older American Indians: The Native Elder Care Study,"Schure, Marc B.; Conte, Kathleen P.; Goins, R. Turner",GERONTOLOGIST,2015,10.1093/geront/gnt211,24,American Indians; Functional disability; Unmet assistance need; Social support,Article,https://www.webofscience.com/api/gateway?GWVersion=2&SrcApp=wos-lit-review_kkk&SrcAuth=WosAPI&KeyUT=WOS:000367452300005&DestLinkType=FullRecord&DestApp=WOS_CPL,wos_unmet_care_supplement
WOS:000369586000044,The assessment of met and unmet care needs in the oldest old with and without depression using the Camberwell Assessment of Need for the Elderly (CANE): Results of the AgeMooDe study,"Stein, Janine; Pabst, Alexander; Weyerer, Siegfried; Werle, Jochen; Maier, Wolfgang; Hellmann, Katharina; Scherer, Martin; Stark, Anne; Kaduszkiewicz, Hanna; Wiese, Birgitt; Mamone, Silke; Koenig, Hans-Helmut; Bock, Jens-Oliver; Riedel-Heller, Steffi G.",JOURNAL OF AFFECTIVE DISORDERS,2016,10.1016/j.jad.2015.12.044,55,Camberwell Assessment of Need for the Elderly (CANE); Needs assessment; Depression; Elderly population; Health services research,Article,https://www.webofscience.com/api/gateway?GWVersion=2&SrcApp=wos-lit-review_kkk&SrcAuth=WosAPI&KeyUT=WOS:000369586000044&DestLinkType=FullRecord&DestApp=WOS_CPL,wos_unmet_care_supplement
WOS:000374447800001,"Needs in Nursing Homes and Their Relation with Cognitive and Functional Decline, Behavioral and Psychological Symptoms","Ferreira, Ana Rita; Dias, Claudia Camila; Fernandes, Lia",FRONTIERS IN AGING NEUROSCIENCE,2016,10.3389/fnagi.2016.00072,43,needs assessment; CANE; elderly; nursing home; dementia; depression; behavioral and psychological symptoms; functional dependency,Article,https://www.webofscience.com/api/gateway?GWVersion=2&SrcApp=wos-lit-review_kkk&SrcAuth=WosAPI&KeyUT=WOS:000374447800001&DestLinkType=FullRecord&DestApp=WOS_CPL,wos_unmet_care_supplement
WOS:000373412200017,What is the mechanism effect that links social support to coping and psychological outcome within individuals affected by prostate cancer? Real time data collection using mobile technology,"Paterson, Catherine; Jones, Martyn; Rattray, Janice; Lauder, William; Nabi, Ghulam",EUROPEAN JOURNAL OF ONCOLOGY NURSING,2016,10.1016/j.ejon.2015.09.002,18,Prostate cancer; Social support; Mobile technology; Coping; Psychological,Article,https://www.webofscience.com/api/gateway?GWVersion=2&SrcApp=wos-lit-review_kkk&SrcAuth=WosAPI&KeyUT=WOS:000373412200017&DestLinkType=FullRecord&DestApp=WOS_CPL,wos_unmet_care_supplement
WOS:000383802300012,Psychosocial factors impacting on life transitions among young adults with type 2 diabetes: an Australian - Danish qualitative study,"Rasmussen, B.; Maindal, H. Terkildsen; Livingston, P.; Dunning, T.; Lorentzen, V.",SCANDINAVIAN JOURNAL OF CARING SCIENCES,2016,10.1111/scs.12248,20,diabetes; young adults; life transition; qualitative research; content analysis; Australia; Denmark,Article,https://www.webofscience.com/api/gateway?GWVersion=2&SrcApp=wos-lit-review_kkk&SrcAuth=WosAPI&KeyUT=WOS:000383802300012&DestLinkType=FullRecord&DestApp=WOS_CPL,wos_unmet_care_supplement
WOS:000377573300002,Routine screening of Indigenous cancer patients' unmet support needs: a qualitative study of patient and clinician attitudes,"Thewes, B.; Davis, E.; Girgis, A.; Valery, P. C.; Giam, K.; Hocking, A.; Jackson, J.; He, V. Yf; Yip, D.; Garvey, G.",INTERNATIONAL JOURNAL FOR EQUITY IN HEALTH,2016,10.1186/s12939-016-0380-2,14,Indigenous; Aboriginal; Cancer; Unmet needs; Feasibility,Article,https://www.webofscience.com/api/gateway?GWVersion=2&SrcApp=wos-lit-review_kkk&SrcAuth=WosAPI&KeyUT=WOS:000377573300002&DestLinkType=FullRecord&DestApp=WOS_CPL,wos_unmet_care_supplement
WOS:000382308900006,Emotions and support needs following a distressing birth: Scoping study with pregnant multigravida women in North-West England,"Thomson, Gill; Downe, Soo",MIDWIFERY,2016,10.1016/j.midw.2016.06.010,29,Traumatic birth; Support needs; Emotions; PTSD; Multigravida; Survey,Article,https://www.webofscience.com/api/gateway?GWVersion=2&SrcApp=wos-lit-review_kkk&SrcAuth=WosAPI&KeyUT=WOS:000382308900006&DestLinkType=FullRecord&DestApp=WOS_CPL,wos_unmet_care_supplement
WOS:000385440900023,"Unmet care needs of the oldest old with late-life depression: A comparison of patient, caring relative and general practitioner perceptions - Results of the AgeMooDe study","Stein, Janine; Pabst, Alexander; Weyerer, Siegfried; Werle, Jochen; Maier, Wolfgang; Miebach, Lisa; Scherer, Martin; Stark, Anne; Kaduszkiewicz, Hanna; Wiese, Birgitt; Moor, Lilia; Bock, Jens-Oliver; Koenig, Hans-Helmut; Riedel-Heller, Steffi G.",JOURNAL OF AFFECTIVE DISORDERS,2016,10.1016/j.jad.2016.07.001,9,Need assessment; Depression; Level of agreement; Elderly population; Health services research,Article,https://www.webofscience.com/api/gateway?GWVersion=2&SrcApp=wos-lit-review_kkk&SrcAuth=WosAPI&KeyUT=WOS:000385440900023&DestLinkType=FullRecord&DestApp=WOS_CPL,wos_unmet_care_supplement
WOS:000383567500002,Palliative care needs at different phases in the illness trajectory: a survey study in patients with cancer,"Beernaert, K.; Pardon, K.; Van den Block, L.; Devroey, D.; Msc, M. De laat; Geboes, K.; Surmont, V.; Deliens, L.; Cohen, J.",EUROPEAN JOURNAL OF CANCER CARE,2016,10.1111/ecc.12522,41,cancer; care needs; care provision; palliative care; quality of life,Article,https://www.webofscience.com/api/gateway?GWVersion=2&SrcApp=wos-lit-review_kkk&SrcAuth=WosAPI&KeyUT=WOS:000383567500002&DestLinkType=FullRecord&DestApp=WOS_CPL,wos_unmet_care_supplement
WOS:000390293100006,Prevalence and reasons for delaying and foregoing necessary care by the presence and type of disability among working-age adults,"Reichard, Amanda; Stransky, Michelle; Phillips, Kimberly; McClain, Monica; Drum, Charles",DISABILITY AND HEALTH JOURNAL,2017,10.1016/j.dhjo.2016.08.001,44,Disability subpopulations; Access to care; Health insurance,Article,https://www.webofscience.com/api/gateway?GWVersion=2&SrcApp=wos-lit-review_kkk&SrcAuth=WosAPI&KeyUT=WOS:000390293100006&DestLinkType=FullRecord&DestApp=WOS_CPL,wos_unmet_care_supplement
WOS:000392738200008,Social characteristics and care needs of older persons with medically unexplained symptoms: a case-control study,"Hanssen, Denise J. C.; Voshaar, Richard C. Oude; Naarding, Paul; Rabeling-Keus, Inge M.; Hartman, Tim C. Olde; Lucassen, Peter L. B. J.",FAMILY PRACTICE,2016,10.1093/fampra/cmw067,3,Aged; aged 80 and over; loneliness; needs assessment; physician-patient relations; somatoform disorders,Article,https://www.webofscience.com/api/gateway?GWVersion=2&SrcApp=wos-lit-review_kkk&SrcAuth=WosAPI&KeyUT=WOS:000392738200008&DestLinkType=FullRecord&DestApp=WOS_CPL,wos_unmet_care_supplement
WOS:000397794300020,Family Caregiver Factors Associated with Unmet Needs for Care of Older Adults,"Beach, Scott R.; Schulz, Richard",JOURNAL OF THE AMERICAN GERIATRICS SOCIETY,2017,10.1111/jgs.14547,144,caregiving; caregiver burden; disability; unmet need,Article,https://www.webofscience.com/api/gateway?GWVersion=2&SrcApp=wos-lit-review_kkk&SrcAuth=WosAPI&KeyUT=WOS:000397794300020&DestLinkType=FullRecord&DestApp=WOS_CPL,wos_unmet_care_supplement
WOS:000392877800007,Detection of Undiagnosed Disease in Medicare Beneficiaries After a Clinical Home Visit,"Han, Dan; Wilks, Asa; Mattke, Soeren",POPULATION HEALTH MANAGEMENT,2017,10.1089/pop.2015.0187,3,,Article,https://www.webofscience.com/api/gateway?GWVersion=2&SrcApp=wos-lit-review_kkk&SrcAuth=WosAPI&KeyUT=WOS:000392877800007&DestLinkType=FullRecord&DestApp=WOS_CPL,wos_unmet_care_supplement
WOS:000396610200011,Psychosocial Well-Being of Young People Who Participated in a Support Group Following the Loss of a Parent to Cancer,"Olsson, Mariann; Lundberg, Tina; Furst, Carl Johan; Ohlen, Joakim; Forinder, Ulla",JOURNAL OF SOCIAL WORK IN END-OF-LIFE & PALLIATIVE CARE,2017,10.1080/15524256.2016.1261755,9,Adolescents; bereavement; psychosocial well-being; support groups; young adults,Article,https://www.webofscience.com/api/gateway?GWVersion=2&SrcApp=wos-lit-review_kkk&SrcAuth=WosAPI&KeyUT=WOS:000396610200011&DestLinkType=FullRecord&DestApp=WOS_CPL,wos_unmet_care_supplement
WOS:000397303500009,Profile of Nursing Home Residents Admitted Directly From Home,"Holup, Amanda A.; Hyer, Kathryn; Meng, Hongdao; Volicer, Ladislav",JOURNAL OF THE AMERICAN MEDICAL DIRECTORS ASSOCIATION,2017,10.1016/j.jamda.2016.08.017,22,Nursing homes; long-term service and supports; care transitions; home and community-based services,Article,https://www.webofscience.com/api/gateway?GWVersion=2&SrcApp=wos-lit-review_kkk&SrcAuth=WosAPI&KeyUT=WOS:000397303500009&DestLinkType=FullRecord&DestApp=WOS_CPL,wos_unmet_care_supplement
WOS:000394569400008,"African American Stroke Survivors More Caregiving Time, but Less Caregiving Burden","Skolarus, Lesli E.; Freedman, Vicki A.; Feng, Chunyang; Burke, James F.",CIRCULATION-CARDIOVASCULAR QUALITY AND OUTCOMES,2017,10.1161/CIRCOUTCOMES.116.003160,23,African Americans; depression; outcomes research; race; stroke; survivors,Article,https://www.webofscience.com/api/gateway?GWVersion=2&SrcApp=wos-lit-review_kkk&SrcAuth=WosAPI&KeyUT=WOS:000394569400008&DestLinkType=FullRecord&DestApp=WOS_CPL,wos_unmet_care_supplement
WOS:000397248700005,Treatment preferences for depression in the elderly,"Luck-Sikorski, Claudia; Stein, Janine; Heilmann, Katharina; Maier, Wolfgang; Kaduszkiewicz, Hanna; Scherer, Martin; Weyerer, Siegfried; Werle, Jochen; Wiese, Birgitt; Moor, Lilia; Bock, Jens-Oliver; Konig, Hans-Helmut; Riedel-Heller, Steffi G.",INTERNATIONAL PSYCHOGERIATRICS,2017,10.1017/S1041610216001885,33,depression; old age; treatment; late-life; shared decision making,Article,https://www.webofscience.com/api/gateway?GWVersion=2&SrcApp=wos-lit-review_kkk&SrcAuth=WosAPI&KeyUT=WOS:000397248700005&DestLinkType=FullRecord&DestApp=WOS_CPL,wos_unmet_care_supplement
WOS:000398366600003,"Symptoms, unmet need, and quality of life among recent breast cancer survivors","Palmer, Steven C.; DeMichele, Angela; Schapira, Marilyn; Glanz, Karen; Blauch, Abigail N.; Pucci, Donna A.; Jacobs, Linda A.",JOURNAL OF COMMUNITY AND SUPPORTIVE ONCOLOGY,2016,10.12788/jcso.0236,16,,Article,https://www.webofscience.com/api/gateway?GWVersion=2&SrcApp=wos-lit-review_kkk&SrcAuth=WosAPI&KeyUT=WOS:000398366600003&DestLinkType=FullRecord&DestApp=WOS_CPL,wos_unmet_care_supplement
WOS:000408749700016,"Quantifying unmet need for hypertension care in South Africa through a care cascade: evidence from the SANHANES, 2011-2012","Berry, Kaitlyn M.; Parker, Whadi-ah; Mchiza, Zandile J.; Sewpaul, Ronel; Labadarios, Demetre; Rosen, Sydney; Stokes, Andrew",BMJ GLOBAL HEALTH,2017,10.1136/bmjgh-2017-000348,119,,Article,https://www.webofscience.com/api/gateway?GWVersion=2&SrcApp=wos-lit-review_kkk&SrcAuth=WosAPI&KeyUT=WOS:000408749700016&DestLinkType=FullRecord&DestApp=WOS_CPL,wos_unmet_care_supplement
WOS:000408123300003,Socioeconomic correlates of quality of life for non-M(a)over-tildeori in advanced age: Te Pu(a)over-tildewaitanga o Nga Tapuwae Kia ora Tonu. Life and Living in Advanced Age: a Cohort Study in New Zealand (LiLACS NZ),"Kerse, Ngaire; Teh, Ruth; Moyes, Simon A.; Dyall, Lorna; Wiles, Janine L.; Kepa, Mere; Wham, Carol; Hayman, Karen J.; Connolly, Martin; Wilkinson, Tim; Wright-St Clair, Valerie; Keeling, Sally; Broad, Joanna B.; Jatrana, Santosh; Lumley, Thomas",NEW ZEALAND MEDICAL JOURNAL,2016,,7,,Article,https://www.webofscience.com/api/gateway?GWVersion=2&SrcApp=wos-lit-review_kkk&SrcAuth=WosAPI&KeyUT=WOS:000408123300003&DestLinkType=FullRecord&DestApp=WOS_CPL,wos_unmet_care_supplement
WOS:000409228600001,The impact of frailty on healthcare utilisation in Ireland: evidence from the Irish longitudinal study on ageing,"Roe, Lorna; Normand, Charles; Wren, Maev-Ann; Browne, John; O'Halloran, Aisling M.",BMC GERIATRICS,2017,10.1186/s12877-017-0579-0,83,Frailty; Healthcare utilisation; Complex needs; Ageing; Health and social care planning,Article,https://www.webofscience.com/api/gateway?GWVersion=2&SrcApp=wos-lit-review_kkk&SrcAuth=WosAPI&KeyUT=WOS:000409228600001&DestLinkType=FullRecord&DestApp=WOS_CPL,wos_unmet_care_supplement
WOS:000410940300002,"""They're on the Fast Track"": Older Blacks Describe Experiences of Nursing Care Quality During Hospitalization","Carthon, J. Margo Brooks; Rearden, Jessica; Pancir, Darcy; Gamble, Kerry; Rothwell, Helyn",CLINICAL NURSING RESEARCH,2017,10.1177/1054773816674478,9,acute care setting; health care settings; clinical research areas; community-based care; disparities; minority perception of care; unmet care; qualitative; methods; staffing; nursing interventions,Article,https://www.webofscience.com/api/gateway?GWVersion=2&SrcApp=wos-lit-review_kkk&SrcAuth=WosAPI&KeyUT=WOS:000410940300002&DestLinkType=FullRecord&DestApp=WOS_CPL,wos_unmet_care_supplement
WOS:000412029600006,"Prevalence and unmet need for diabetes care across the care continuum in a national sample of South African adults: Evidence from the SANHANES-1, 2011-2012","Stokes, Andrew; Berry, Kaitlyn M.; Mchiza, Zandile; Parker, Whadi-ah; Labadarios, Demetre; Chola, Lumbwe; Hongoro, Charles; Zuma, Khangelani; Brennan, Alana T.; Rockers, Peter C.; Rosen, Sydney",PLOS ONE,2017,10.1371/journal.pone.0184264,83,,Article,https://www.webofscience.com/api/gateway?GWVersion=2&SrcApp=wos-lit-review_kkk&SrcAuth=WosAPI&KeyUT=WOS:000412029600006&DestLinkType=FullRecord&DestApp=WOS_CPL,wos_unmet_care_supplement
WOS:000414586800016,Volunteer provision of long-term care for older people in Thailand and Costa Rica,"Lloyd-Sherlock, Peter; Pot, Anne Margriet; Sasat, Siriphan; Morales-Martinez, Fernando",BULLETIN OF THE WORLD HEALTH ORGANIZATION,2017,10.2471/BLT.16.187526,19,,Article,https://www.webofscience.com/api/gateway?GWVersion=2&SrcApp=wos-lit-review_kkk&SrcAuth=WosAPI&KeyUT=WOS:000414586800016&DestLinkType=FullRecord&DestApp=WOS_CPL,wos_unmet_care_supplement
WOS:000411974600001,A ssociations between the psychological health of patients and carers in advanced COPD,"Mi, Ella; Mi, Emma; Ewing, Gail; Mahadeva, Ravi; Gardener, A. Carole; Butcher, Hanne Holt; Booth, Sara; Farquhar, Morag",INTERNATIONAL JOURNAL OF CHRONIC OBSTRUCTIVE PULMONARY DISEASE,2017,10.2147/COPD.S139188,29,COPD; anxiety; depression; informal carers; patient-carer dyad,Article,https://www.webofscience.com/api/gateway?GWVersion=2&SrcApp=wos-lit-review_kkk&SrcAuth=WosAPI&KeyUT=WOS:000411974600001&DestLinkType=FullRecord&DestApp=WOS_CPL,wos_unmet_care_supplement
WOS:000412294900004,Intergenerational Approaches for Sustaining Individual Health and Well-being,"Kaplan, Matthew; Sanchez, Mariano; Hoffman, Jaco",INTERGENERATIONAL PATHWAYS TO A SUSTAINABLE SOCIETY,2017,10.1007/978-3-319-47019-1_3,5,,Article; Book,https://www.webofscience.com/api/gateway?GWVersion=2&SrcApp=wos-lit-review_kkk&SrcAuth=WosAPI&KeyUT=WOS:000412294900004&DestLinkType=FullRecord&DestApp=WOS_CPL,wos_unmet_care_supplement
WOS:000418151400008,Homecare Service Providers as an Organizational Form of Support for the Elderly: Establishment and Planning of Optimal Capacity,"Sprajc, Polona; Podbregar, Iztok; Brezavscek, Alenka",ORGANIZACIJA,2017,10.1515/orga-2017-0021,0,elderly; service provider; performance measures; capacity planning; cost optimization; queueing theory,Article,https://www.webofscience.com/api/gateway?GWVersion=2&SrcApp=wos-lit-review_kkk&SrcAuth=WosAPI&KeyUT=WOS:000418151400008&DestLinkType=FullRecord&DestApp=WOS_CPL,wos_unmet_care_supplement
WOS:000440570100006,Unmet need for assistance with activities of daily life among older adults in Brazil,"de Andrade, Tania Bof; de Andrade, Fabiola Bof",REVISTA DE SAUDE PUBLICA,2018,10.11606/S1518-8787.2018052000463,18,Aged; Disabled Persons; Activities of Daily Living; Health Services Needs and Demand; Old Age Assistance; Socioeconomic Factors; Health Inequalities,Article,https://www.webofscience.com/api/gateway?GWVersion=2&SrcApp=wos-lit-review_kkk&SrcAuth=WosAPI&KeyUT=WOS:000440570100006&DestLinkType=FullRecord&DestApp=WOS_CPL,wos_unmet_care_supplement
WOS:000423826700080,Likelihood that expectations of informal care will be met at onset of caregiving need: a retrospective study of older adults in the USA,"Abrahamson, Kathleen; Hass, Zachary; Sands, Laura",BMJ OPEN,2017,10.1136/bmjopen-2017-017791,14,,Article,https://www.webofscience.com/api/gateway?GWVersion=2&SrcApp=wos-lit-review_kkk&SrcAuth=WosAPI&KeyUT=WOS:000423826700080&DestLinkType=FullRecord&DestApp=WOS_CPL,wos_unmet_care_supplement
WOS:000432280300007,Depression and Unmet Needs for Assistance With Daily Activities Among Community-Dwelling Older Adults,"Xiang, Xiaoling; An, Ruopeng; Heinemann, Allen",GERONTOLOGIST,2018,10.1093/geront/gnw262,30,Depression; Long-term care; Unmet need; Adverse consequences,Article,https://www.webofscience.com/api/gateway?GWVersion=2&SrcApp=wos-lit-review_kkk&SrcAuth=WosAPI&KeyUT=WOS:000432280300007&DestLinkType=FullRecord&DestApp=WOS_CPL,wos_unmet_care_supplement
WOS:000434475500002,Long-Term Care Needs in the Context of Poverty and Population Aging: the Case of Older Persons in Myanmar,"Teerawichitchainan, Bussarawan; Knodel, John",JOURNAL OF CROSS-CULTURAL GERONTOLOGY,2018,10.1007/s10823-017-9336-2,21,Long-term care; Unmet need for care; Intergenerational support; Myanmar,Article,https://www.webofscience.com/api/gateway?GWVersion=2&SrcApp=wos-lit-review_kkk&SrcAuth=WosAPI&KeyUT=WOS:000434475500002&DestLinkType=FullRecord&DestApp=WOS_CPL,wos_unmet_care_supplement
WOS:000434968700014,Health conditions and unmet needs for assistance to perform activities of daily living among older adults with dementia in Chile,"Zhou, Yi; Slachevasky, Andrea; Calvo, Esteban",INTERNATIONAL JOURNAL OF GERIATRIC PSYCHIATRY,2018,10.1002/gps.4879,11,caregiver; dementia; developing country; health condition; older adult; unmet need,Article,https://www.webofscience.com/api/gateway?GWVersion=2&SrcApp=wos-lit-review_kkk&SrcAuth=WosAPI&KeyUT=WOS:000434968700014&DestLinkType=FullRecord&DestApp=WOS_CPL,wos_unmet_care_supplement
WOS:000435227000008,Comorbid mental disorders among adults in the mental health surveillance survey,"Forman-Hoffman, Valerie L.; Batts, Kathryn R.; Hedden, Sarra L.; Spagnola, Kathy; Bose, Jonaki",ANNALS OF EPIDEMIOLOGY,2018,10.1016/j.annepidem.2018.03.002,22,Comorbidity; Mental disorder; Substance use disorder,Article,https://www.webofscience.com/api/gateway?GWVersion=2&SrcApp=wos-lit-review_kkk&SrcAuth=WosAPI&KeyUT=WOS:000435227000008&DestLinkType=FullRecord&DestApp=WOS_CPL,wos_unmet_care_supplement
WOS:000438229200009,Change of Uncertainty in Illness and Unmet Care Needs in Patients With Recurrent Hepatocellular Carcinoma During Active Treatment,"Shun, Shiow-Ching; Chou, Yun-Jen; Chen, Chien-Hung; Yang, Jyh-Chin",CANCER NURSING,2018,10.1097/NCC.0000000000000487,12,Care needs; Hepatocellular carcinoma; Symptom; Uncertainty,Article,https://www.webofscience.com/api/gateway?GWVersion=2&SrcApp=wos-lit-review_kkk&SrcAuth=WosAPI&KeyUT=WOS:000438229200009&DestLinkType=FullRecord&DestApp=WOS_CPL,wos_unmet_care_supplement
WOS:000442515900001,Factors associated with health service utilisation for common mental disorders: a systematic review,"Roberts, Tessa; Esponda, Georgina Miguel; Krupchanka, Dzmitry; Shidhaye, Rahul; Patel, Vikram; Rathod, Sujit",BMC PSYCHIATRY,2018,10.1186/s12888-018-1837-1,263,Common mental disorders; Depression; Anxiety; Treatment seeking; Health service utilisation; Andersen behavioural model; Systematic review; Healthcare access; Barriers to care,Review,https://www.webofscience.com/api/gateway?GWVersion=2&SrcApp=wos-lit-review_kkk&SrcAuth=WosAPI&KeyUT=WOS:000442515900001&DestLinkType=FullRecord&DestApp=WOS_CPL,wos_unmet_care_supplement
WOS:000441490600012,Unmet supportive care needs and symptom burden in Taiwanese cancer survivors who have completed primary treatment,"Lo, Wan-Tzu; Yates, Patsy; Chan, Raymond Javan",EUROPEAN JOURNAL OF ONCOLOGY NURSING,2018,10.1016/j.ejon.2018.05.010,16,Cancer survivor; Haematological cancer; Physiological and psychosocial effects; Survivorship care; Physical symptom concerns; Solid tumor; Unmet care needs,Article,https://www.webofscience.com/api/gateway?GWVersion=2&SrcApp=wos-lit-review_kkk&SrcAuth=WosAPI&KeyUT=WOS:000441490600012&DestLinkType=FullRecord&DestApp=WOS_CPL,wos_unmet_care_supplement
WOS:000448734100015,Unmet needs in the depressed primary care elderly and their relation to severity of depression: results from the AgeMooDe study,"Alltag, Sophie; Stein, Janine; Pabst, Alexander; Weyerer, Siegfried; Werle, Jochen; Maier, Wolfgang; Miebach, Lisa; Scherer, Martin; Stark, Anne; Wiese, Birgitt; Mamone, Silke; Koenig, Hans-Helmut; Bock, Jens-Oliver; Riedel-Heller, Steffi G.",AGING & MENTAL HEALTH,2018,10.1080/13607863.2017.1328480,9,Camberwell Assessment of Need for the Elderly (CANE); needs assessment; severity of depression; old age; primary care,Article,https://www.webofscience.com/api/gateway?GWVersion=2&SrcApp=wos-lit-review_kkk&SrcAuth=WosAPI&KeyUT=WOS:000448734100015&DestLinkType=FullRecord&DestApp=WOS_CPL,wos_unmet_care_supplement
WOS:000454405400014,The unmet support needs of carers of older Australians: prevalence and mental health,"Temple, Jeromey B.; Dow, Briony",INTERNATIONAL PSYCHOGERIATRICS,2018,10.1017/S104161021800042X,39,caring; informal care; aging; psychological distress,Article,https://www.webofscience.com/api/gateway?GWVersion=2&SrcApp=wos-lit-review_kkk&SrcAuth=WosAPI&KeyUT=WOS:000454405400014&DestLinkType=FullRecord&DestApp=WOS_CPL,wos_unmet_care_supplement
WOS:000513876700004,"Unmet Needs for Care and Medications, Cost as a Reason for Unmet Needs, and Unmet Needs as a Big Problem, due to Health-Care Provider (Dis)Continuity","Stransky, Michelle L.",JOURNAL OF PATIENT EXPERIENCE,2018,10.1177/2374373518755499,4,provider discontinuity; provider continuity; unmet needs for care; cost as barrier to care; unmet needs for care problems,Article,https://www.webofscience.com/api/gateway?GWVersion=2&SrcApp=wos-lit-review_kkk&SrcAuth=WosAPI&KeyUT=WOS:000513876700004&DestLinkType=FullRecord&DestApp=WOS_CPL,wos_unmet_care_supplement
WOS:000451225400023,Impact of Untimely Access to Formal Care on Costs and Quality of Life in Community Dwelling People with Dementia,"Janssen, Niels; Handels, Ron L.; Skoldunger, Anders; Woods, Bob; Jelley, Hannah; Edwards, Rhiannon Tudor; Orrell, Martin; Selbaek, Geir; Rosvik, Janne; Goncalves-Pereira, Manuel; Marques, Maria J.; Zanetti, Orazio; Portolani, Elisa; Irving, Kate; Hopper, Louise; Meyer, Gabriele; Bieber, Anja; Stephan, Astrid; Kerpershoek, Liselot; Wolfs, Claire A. G.; de Vugt, Marjolein E.; Verhey, Frans R. J.; Wimo, Anders",JOURNAL OF ALZHEIMERS DISEASE,2018,10.3233/JAD-180531,15,Access to care; costs; dementia; quality of life; unmet needs; untimely,Article,https://www.webofscience.com/api/gateway?GWVersion=2&SrcApp=wos-lit-review_kkk&SrcAuth=WosAPI&KeyUT=WOS:000451225400023&DestLinkType=FullRecord&DestApp=WOS_CPL,wos_unmet_care_supplement
WOS:000435559200001,Urinary Incontinence in a National Cohort of Older Women: Implications for Caregiving and Care Dependence,"Yang, Emmy; Lisha, Nadra E.; Walter, Louise; Obedin-Maliver, Juno; Huang, Alison J.",JOURNAL OF WOMENS HEALTH,2018,10.1089/jwh.2017.6891,21,urinary incontinence; activities of daily living; caregiving; functional dependence,Article,https://www.webofscience.com/api/gateway?GWVersion=2&SrcApp=wos-lit-review_kkk&SrcAuth=WosAPI&KeyUT=WOS:000435559200001&DestLinkType=FullRecord&DestApp=WOS_CPL,wos_unmet_care_supplement
WOS:000450898700002,Older adult's experience of chronic low back pain and its implications on their daily life: Study protocol of a systematic review of qualitative research,"Wong, Arnold Y. L.; Forss, Katarina Sjogren; Jakobsson, Jenny; Schoeb, Veronika; Kumlien, Christine; Borglin, Gunilla",SYSTEMATIC REVIEWS,2018,10.1186/s13643-018-0742-5,20,Health service research; Meta-ethnography; Meta-synthesis; Qualitative studies; Older adults; Chronic low back pain,Review,https://www.webofscience.com/api/gateway?GWVersion=2&SrcApp=wos-lit-review_kkk&SrcAuth=WosAPI&KeyUT=WOS:000450898700002&DestLinkType=FullRecord&DestApp=WOS_CPL,wos_unmet_care_supplement
WOS:000428321300048,"Unmet supportive care needs, health status and minimum costs in survivors of malignant melanoma","Davies, L. M.; Hayhurst, K. P.; Lorigan, P.; Molassiotis, A.",EUROPEAN JOURNAL OF CANCER CARE,2018,10.1111/ecc.12811,9,costs; health economics; health utility; service utilisation; supportive care; unmet needs,Article,https://www.webofscience.com/api/gateway?GWVersion=2&SrcApp=wos-lit-review_kkk&SrcAuth=WosAPI&KeyUT=WOS:000428321300048&DestLinkType=FullRecord&DestApp=WOS_CPL,wos_unmet_care_supplement
WOS:000433646300013,What do nursing home residents with mental-physical multimorbidity need and who actually knows this? A cross-sectional cohort study,"van den Brink, Anne M. A.; Gerritsen, Debby L.; de Valk, Miranda M. H.; Mulder, Astrid T.; Voshaar, Richard C. Oude; Koopmans, Raymond T. C. M.",INTERNATIONAL JOURNAL OF NURSING STUDIES,2018,10.1016/j.ijnurstu.2018.02.008,18,Cohort study; Geriatric psychiatry; Long-term care; Multimorbidity; Needs assessment; Nursing homes; Nursing staff,Article,https://www.webofscience.com/api/gateway?GWVersion=2&SrcApp=wos-lit-review_kkk&SrcAuth=WosAPI&KeyUT=WOS:000433646300013&DestLinkType=FullRecord&DestApp=WOS_CPL,wos_unmet_care_supplement
WOS:000425743100019,Unmet support needs of sexual and gender minority breast cancer survivors,"Brown, Maria Teresa; McElroy, Jane A.",SUPPORTIVE CARE IN CANCER,2018,10.1007/s00520-017-3941-z,35,Self-disclosure; Social support; Relationships; Mixed methods,Article,https://www.webofscience.com/api/gateway?GWVersion=2&SrcApp=wos-lit-review_kkk&SrcAuth=WosAPI&KeyUT=WOS:000425743100019&DestLinkType=FullRecord&DestApp=WOS_CPL,wos_unmet_care_supplement
WOS:000424846500004,A systematic review of patient oncofertility support needs in reproductive cancer patients aged 14 to 45years of age,"Logan, S.; Perz, J.; Ussher, J. M.; Peate, M.; Anazodo, A.",PSYCHO-ONCOLOGY,2018,10.1002/pon.4502,105,cancer; fertility; fertility preservation; oncofertility; oncology; patient needs; support,Review,https://www.webofscience.com/api/gateway?GWVersion=2&SrcApp=wos-lit-review_kkk&SrcAuth=WosAPI&KeyUT=WOS:000424846500004&DestLinkType=FullRecord&DestApp=WOS_CPL,wos_unmet_care_supplement
WOS:000410837400008,Unmet Care Needs in the Oldest Old Primary Care Patients with Cognitive Disorders: Results of the AgeCoDe and AgeQualiDe Study,"Stein, Janine; Pabst, Alexander; Luck, Tobias; Luehmann, Dagmar; Heser, Kathrin; Jessen, Frank; Bickel, Horst; Moesch, Edelgard; Pentzek, Michael; Fuchs, Angela; Wiese, Birgitt; Mamone, Silke; Koenig, Hans-Helmut; Brettschneider, Christian; Werle, Jochen; Scherer, Martin; Maier, Wolfgang; Weyerer, Siegfried; Riedel-Heller, Steffi G.",DEMENTIA AND GERIATRIC COGNITIVE DISORDERS,2017,10.1159/000478850,24,Camberwell Assessment of Need for the Elderly; Needs assessment; Cognitive impairment; Dementia; Elderly population; Health services research,Article,https://www.webofscience.com/api/gateway?GWVersion=2&SrcApp=wos-lit-review_kkk&SrcAuth=WosAPI&KeyUT=WOS:000410837400008&DestLinkType=FullRecord&DestApp=WOS_CPL,wos_unmet_care_supplement
WOS:000455513400001,"Does the Meeting Centres Support Programme reduce unmet care needs of community-dwelling older people with dementia? A controlled, 6-month follow-up Polish study","Mazurek, Justyna; Szczesniak, Dorota; Lion, Katarzyna Malgorzata; Droes, Rose-Marie; Karczewski, Maciej; Rymaszewska, Joanna",CLINICAL INTERVENTIONS IN AGING,2019,10.2147/CIA.S185683,18,needs assessment; CANE; care management; health care; psychiatric services; social geriatrics; optimization; psychosocial care,Article,https://www.webofscience.com/api/gateway?GWVersion=2&SrcApp=wos-lit-review_kkk&SrcAuth=WosAPI&KeyUT=WOS:000455513400001&DestLinkType=FullRecord&DestApp=WOS_CPL,wos_unmet_care_supplement
WOS:000456491200026,"Understanding support network capacity during the transition from foster care: Youth-identified barriers, facilitators, and enhancement strategies","Blakeslee, Jennifer E.; Best, Jared I.",CHILDREN AND YOUTH SERVICES REVIEW,2019,10.1016/j.childyouth.2018.11.049,36,,Article,https://www.webofscience.com/api/gateway?GWVersion=2&SrcApp=wos-lit-review_kkk&SrcAuth=WosAPI&KeyUT=WOS:000456491200026&DestLinkType=FullRecord&DestApp=WOS_CPL,wos_unmet_care_supplement
WOS:000458694800003,Care Recipient Concerns About Being a Burden and Unmet Needs for Care,"Nieuwenhuis, Anna Vazeou; Beach, Scott R.; Schulz, Richard",INNOVATION IN AGING,2018,10.1093/geroni/igy026,20,Caregiving dyads; Caregiver stress; Disabilities; Informal caregiving,Article,https://www.webofscience.com/api/gateway?GWVersion=2&SrcApp=wos-lit-review_kkk&SrcAuth=WosAPI&KeyUT=WOS:000458694800003&DestLinkType=FullRecord&DestApp=WOS_CPL,wos_unmet_care_supplement
WOS:000463134900008,The caregiving dyad: Do caregivers' appraisals of caregiving matter for care recipients' health?,"Pristavec, Teja",ARCHIVES OF GERONTOLOGY AND GERIATRICS,2019,10.1016/j.archger.2019.01.020,29,Caregiving; Mental health; NHATS; NSOC; Stress process; Unmet need,Article,https://www.webofscience.com/api/gateway?GWVersion=2&SrcApp=wos-lit-review_kkk&SrcAuth=WosAPI&KeyUT=WOS:000463134900008&DestLinkType=FullRecord&DestApp=WOS_CPL,wos_unmet_care_supplement
WOS:000465397900014,"Unmet care needs, care provision and patient satisfaction in patients with a late life depression: a cross-sectional study","Clignet, Frans; Houtjes, Wim; van Straten, Annemieke; Cuijpers, Pim; van Meijel, Berno",AGING & MENTAL HEALTH,2019,10.1080/13607863.2018.1426716,20,Depression; unmet needs; satisfaction; late life,Article,https://www.webofscience.com/api/gateway?GWVersion=2&SrcApp=wos-lit-review_kkk&SrcAuth=WosAPI&KeyUT=WOS:000465397900014&DestLinkType=FullRecord&DestApp=WOS_CPL,wos_unmet_care_supplement
WOS:000466904400001,Multifactorial intervention for hip and pelvic fracture patients with mild to moderate cognitive impairment: study protocol of a dual-centre randomised controlled trial (OF-CARE),"Dautel, Anja; Eckert, Tobias; Gross, Michaela; Hauer, Klaus; Schaeufele, Martina; Lacroix, Andre; Hendlmeier, Ingrid; Abel, Bastian; Pomiersky, Rebekka; Gugenhan, Julia; Buechele, Gisela; Reber, Katrin C.; Becker, Clemens; Pfeiffer, Klaus",BMC GERIATRICS,2019,10.1186/s12877-019-1133-z,15,RCT; Multifactorial; Home-based; Exercise program; Care counselling; Lay instructor; Elderly; Hip or pelvic fracture; Cognitive impairment; Cost-effectiveness,Article,https://www.webofscience.com/api/gateway?GWVersion=2&SrcApp=wos-lit-review_kkk&SrcAuth=WosAPI&KeyUT=WOS:000466904400001&DestLinkType=FullRecord&DestApp=WOS_CPL,wos_unmet_care_supplement
WOS:000469935100007,Needs for Care and Service Use in Dementia: Baseline Assessment of Portuguese Participants in the Actifcare Cohort Study,"Goncalves-Pereira, Manuel; Marques, Maria J.; Balsinha, Conceicao; Fernandes, Alexandra; Machado, Ana Sa; Verdelho, Ana; Barahona-Correa, Bernardo; Barrios, Helena; Guimaraes, Joao; Grave, Joana; Alves, Luisa; de Almeida, Manuel Caldas; Reis, Teresa; Orrell, Martin; Woods, Bob; De Vugt, Marjolein; Verhey, Frans; Wolfs, Claire; Handels, Ron; Kerpershoek, Liselot; Meyer, Gabriele; Stephan, Astrid; Bieber, Anja; Broda, Anja; Bartoszek, Gabriele; Jelley, Hannah; Wimo, Anders; Skoldunger, Anders; Sjolund, Britt-Marie; Engedal, Knut; Selbaek, Geir; Michalet, Mona; Rosvik, Janne; Eriksen, Siren; Irving, Kate; Hopper, Louise; Joyce, Rachael; Zanetti, Orazio; Portolani, Elisa",ACTA MEDICA PORTUGUESA,2019,10.20344/amp.11136,12,Caregivers; Dementia; Health Services Accessibility; Needs Assessment; Portugal,Article,https://www.webofscience.com/api/gateway?GWVersion=2&SrcApp=wos-lit-review_kkk&SrcAuth=WosAPI&KeyUT=WOS:000469935100007&DestLinkType=FullRecord&DestApp=WOS_CPL,wos_unmet_care_supplement
WOS:000471117700017,"Having an Adult Child in the United States, Physical Functioning, and Unmet Needs for Care Among Older Mexican Adults","Torres, Jacqueline M.; Rudolph, Kara E.; Sofrygin, Oleg; Wong, Rebeca; Walter, Louise C.; Glymour, M. Maria",EPIDEMIOLOGY,2019,10.1097/EDE.0000000000001016,6,Aging; Activities of daily living; Longitudinal Study; Mexico; Social epidemiology; Targeted maximum likelihood estimation,Article,https://www.webofscience.com/api/gateway?GWVersion=2&SrcApp=wos-lit-review_kkk&SrcAuth=WosAPI&KeyUT=WOS:000471117700017&DestLinkType=FullRecord&DestApp=WOS_CPL,wos_unmet_care_supplement
WOS:000471830600006,Changes in functional outcome over five years after stroke,"Rejno, Asa; Nasic, Salmir; Bjalkefur, Kerstin; Bertholds, Eric; Jood, Katarina",BRAIN AND BEHAVIOR,2019,10.1002/brb3.1300,38,functional outcome; quality register; longitudinal study; stroke,Article,https://www.webofscience.com/api/gateway?GWVersion=2&SrcApp=wos-lit-review_kkk&SrcAuth=WosAPI&KeyUT=WOS:000471830600006&DestLinkType=FullRecord&DestApp=WOS_CPL,wos_unmet_care_supplement
WOS:000472100500011,Unmet Need for Care Coordination Among Children with Special Health Care Needs,"Miller, Rebecca; Tumin, Dmitry; Hayes, Don, Jr.; Uffman, Joshua C.; Raman, Vidya T.; Tobias, Joseph D.",POPULATION HEALTH MANAGEMENT,2019,10.1089/pop.2018.0094,26,care coordination; CSHCN; medical home; NSCH; special health care needs,Article,https://www.webofscience.com/api/gateway?GWVersion=2&SrcApp=wos-lit-review_kkk&SrcAuth=WosAPI&KeyUT=WOS:000472100500011&DestLinkType=FullRecord&DestApp=WOS_CPL,wos_unmet_care_supplement
WOS:000476717600001,"Understanding the care and support needs of older people: a scoping review and categorisation using the WHO international classification of functioning, disability and health framework (ICF)","Abdi, Sarah; Spann, Alice; Borilovic, Jacinta; de Witte, Luc; Hawley, Mark",BMC GERIATRICS,2019,10.1186/s12877-019-1189-9,406,Older people; Care and support; Needs; ICF; Scoping review,Review,https://www.webofscience.com/api/gateway?GWVersion=2&SrcApp=wos-lit-review_kkk&SrcAuth=WosAPI&KeyUT=WOS:000476717600001&DestLinkType=FullRecord&DestApp=WOS_CPL,wos_unmet_care_supplement
WOS:000478747200012,Unmet supportive care needs in young adult cancer patients: associations and changes over time. Results from the AYA-Leipzig study,"Sender, Annekathrin; Friedrich, Michael; Leuteritz, Katja; Nowe, Erik; Stoebel-Richter, Yve; Mehnert, Anja; Geue, Kristina",JOURNAL OF CANCER SURVIVORSHIP,2019,10.1007/s11764-019-00780-y,65,Adolescent; Young adults (AYA); Cancer patient; Supportive care needs; Unmet needs; Survivor,Article,https://www.webofscience.com/api/gateway?GWVersion=2&SrcApp=wos-lit-review_kkk&SrcAuth=WosAPI&KeyUT=WOS:000478747200012&DestLinkType=FullRecord&DestApp=WOS_CPL,wos_unmet_care_supplement
WOS:000478642800001,Met and unmet care needs of older people with dementia living at home: Personal and informal carers' perspectives,"Mazurek, Justyna; Szczesniak, Dorota; Urbanska, Katarzyna; Droes, Rose-Marie; Rymaszewska, Joanna",DEMENTIA-INTERNATIONAL JOURNAL OF SOCIAL RESEARCH AND PRACTICE,2019,10.1177/1471301217733233,36,assessment and care management; care of elderly people; carers' needs; cognition; community dwelling; social care,Article,https://www.webofscience.com/api/gateway?GWVersion=2&SrcApp=wos-lit-review_kkk&SrcAuth=WosAPI&KeyUT=WOS:000478642800001&DestLinkType=FullRecord&DestApp=WOS_CPL,wos_unmet_care_supplement
WOS:000482391000001,Care Configurations and Unmet Care Needs in Older Men and Women,"Potter, Andrew J.",JOURNAL OF APPLIED GERONTOLOGY,2019,10.1177/0733464817733239,21,family caregiving; gender; unmet need; care configurations,Article,https://www.webofscience.com/api/gateway?GWVersion=2&SrcApp=wos-lit-review_kkk&SrcAuth=WosAPI&KeyUT=WOS:000482391000001&DestLinkType=FullRecord&DestApp=WOS_CPL,wos_unmet_care_supplement
WOS:000482505600006,E-cigarette minimum legal sale age laws and traditional cigarette use among rural pregnant teenagers,"Pesko, Michael F.; Currie, Janet M.",JOURNAL OF HEALTH ECONOMICS,2019,10.1016/j.jhealeco.2019.05.003,37,Prenatal smoking; Electronic nicotine delivery systems; E-cigarettes; Purchasing age laws; Tobacco control; Birth outcomes,Article,https://www.webofscience.com/api/gateway?GWVersion=2&SrcApp=wos-lit-review_kkk&SrcAuth=WosAPI&KeyUT=WOS:000482505600006&DestLinkType=FullRecord&DestApp=WOS_CPL,wos_unmet_care_supplement
WOS:000448937200004,No Place Like Home: A Systematic Review of Home Care for Older Adults in Canada,"Johnson, Shanthi; Bacsu, Juanita; Abeykoon, Hasanthi; McIntosh, Tom; Jeffery, Bonnie; Novik, Nuelle",CANADIAN JOURNAL ON AGING-LA REVUE CANADIENNE DU VIEILLISSEMENT,2018,10.1017/S0714980818000375,73,aging; home care; systematic review; older adults; vieillissement; soins a domicile; vieillissement; revue systematique; personnes agees,Review,https://www.webofscience.com/api/gateway?GWVersion=2&SrcApp=wos-lit-review_kkk&SrcAuth=WosAPI&KeyUT=WOS:000448937200004&DestLinkType=FullRecord&DestApp=WOS_CPL,wos_unmet_care_supplement
WOS:000475096800001,Caring hours and possible need for employment support among primary carers for adults with mental illness: Results from an Australian household survey,"Diminic, Sandra; Hielscher, Emily; Harris, Meredith G.",HEALTH & SOCIAL CARE IN THE COMMUNITY,2019,10.1111/hsc.12811,5,carers' needs; employment; informal care; Mental health; population-based study; working carers,Article,https://www.webofscience.com/api/gateway?GWVersion=2&SrcApp=wos-lit-review_kkk&SrcAuth=WosAPI&KeyUT=WOS:000475096800001&DestLinkType=FullRecord&DestApp=WOS_CPL,wos_unmet_care_supplement
WOS:000495852300002,Anticipatory anxiety about future dementia-related care needs: towards a dementia-friendly community,"Okamura, Tsuyoshi; Sugiyama, Mika; Inagaki, Hiroki; Murayama, Hiroshi; Ura, Chiaki; Miyamae, Fumiko; Edahiro, Ayako; Motokawa, Keiko; Awata, Shuich",PSYCHOGERIATRICS,2019,10.1111/psyg.12433,4,anxiety; delivery of health care; dementia; health services for elderly persons,Article,https://www.webofscience.com/api/gateway?GWVersion=2&SrcApp=wos-lit-review_kkk&SrcAuth=WosAPI&KeyUT=WOS:000495852300002&DestLinkType=FullRecord&DestApp=WOS_CPL,wos_unmet_care_supplement
WOS:000495795700027,Perceived Adequacy of Tangible Social Support and Associations with Health Outcomes Among Older Primary Care Patients,"O'Conor, Rachel; Benavente, Julia Yoshino; Arvanitis, Marina; Curtis, Laura M.; Eldeirawi, Kamal; Hasnain-Wynia, Romana; Federman, Alex D.; Hebert-Beirne, Jeni; Wolf, Michael S.",JOURNAL OF GENERAL INTERNAL MEDICINE,2019,10.1007/s11606-019-05110-7,13,social support; aging; patient-reported outcomes,Article; Meeting,https://www.webofscience.com/api/gateway?GWVersion=2&SrcApp=wos-lit-review_kkk&SrcAuth=WosAPI&KeyUT=WOS:000495795700027&DestLinkType=FullRecord&DestApp=WOS_CPL,wos_unmet_care_supplement
WOS:000500121800001,Exploring the needs of people with dementia living at home reported by people with dementia and informal caregivers: a systematic review and Meta-analysis,"Curnow, Eleanor; Rush, Robert; Maciver, Donald; Gorska, Sylwia; Forsyth, Kirsty",AGING & MENTAL HEALTH,2021,10.1080/13607863.2019.1695741,41,Assessment of need; caregivers; dementia; care needs; prevalence,Review,https://www.webofscience.com/api/gateway?GWVersion=2&SrcApp=wos-lit-review_kkk&SrcAuth=WosAPI&KeyUT=WOS:000500121800001&DestLinkType=FullRecord&DestApp=WOS_CPL,wos_unmet_care_supplement
WOS:000501875600001,Peace of mind among adolescents and young adults with cancer,"Gittzus, Jordan A.; Fasciano, Karen M.; Block, Susan D.; Mack, Jennifer W.",PSYCHO-ONCOLOGY,2020,10.1002/pon.5309,12,adolescent; anxiety; cancer; communication; coping; oncology; patient-centered care,Article,https://www.webofscience.com/api/gateway?GWVersion=2&SrcApp=wos-lit-review_kkk&SrcAuth=WosAPI&KeyUT=WOS:000501875600001&DestLinkType=FullRecord&DestApp=WOS_CPL,wos_unmet_care_supplement
WOS:000501947200001,Unmet care needs are common among community-dwelling older people with memory problems in Finland,"Aaltonen, Mari S.; Van Aerschot, Lina H.",SCANDINAVIAN JOURNAL OF PUBLIC HEALTH,2021,10.1177/1403494819890800,20,Formal home care; informal care; unmet needs; insufficient care; memory problems,Article,https://www.webofscience.com/api/gateway?GWVersion=2&SrcApp=wos-lit-review_kkk&SrcAuth=WosAPI&KeyUT=WOS:000501947200001&DestLinkType=FullRecord&DestApp=WOS_CPL,wos_unmet_care_supplement
WOS:000648516200041,Room for improvement in non-pharmacological systemic sclerosis care? - a cross-sectional online survey of 650 patients,"Stocker, Juliane K.; Vonk, Madelon C.; van den Hoogen, Frank H. J.; Nijhuis-van der Sanden, Maria W. G.; Spierings, Julia; Staal, J. Bart; Satink, Ton; van den Ende, Cornelia H. M.",BMC RHEUMATOLOGY,2020,10.1186/s41927-020-00142-7,13,Systemic sclerosis; Health professionals; Health care use; Cross sectional survey,Article,https://www.webofscience.com/api/gateway?GWVersion=2&SrcApp=wos-lit-review_kkk&SrcAuth=WosAPI&KeyUT=WOS:000648516200041&DestLinkType=FullRecord&DestApp=WOS_CPL,wos_unmet_care_supplement
WOS:000515125700019,Resident Challenges With Pain and Functional Limitations in Chinese Residential Care Facilities,"Song, Yuting; Anderson, Ruth A.; Wu, Bei; Scales, Kezia; McConnell, Eleanor; Leung, Angela Y. M.; Corazzini, Kirsten N.",GERONTOLOGIST,2020,10.1093/geront/gny154,5,Long-term care; China; Adaptive leadership,Article,https://www.webofscience.com/api/gateway?GWVersion=2&SrcApp=wos-lit-review_kkk&SrcAuth=WosAPI&KeyUT=WOS:000515125700019&DestLinkType=FullRecord&DestApp=WOS_CPL,wos_unmet_care_supplement
WOS:000512681900012,"A profile of Australian mental health carers, their caring role and service needs: results from the 2012 Survey of Disability, Ageing and Carers","Diminic, S.; Hielscher, E.; Harris, M. G.; Lee, Y. Y.; Kealton, J.; Whiteford, H. A.",EPIDEMIOLOGY AND PSYCHIATRIC SCIENCES,2019,10.1017/S2045796018000446,34,Epidemiology; families; health service research; mental health,Article,https://www.webofscience.com/api/gateway?GWVersion=2&SrcApp=wos-lit-review_kkk&SrcAuth=WosAPI&KeyUT=WOS:000512681900012&DestLinkType=FullRecord&DestApp=WOS_CPL,wos_unmet_care_supplement
WOS:000515126700023,Adverse Consequences of Unmet Needs for Care in High-Need/High-Cost Older Adults,"Beach, Scott R.; Schulz, Richard; Friedman, Esther M.; Rodakowski, Juleen; Martsolf, R. Grant; James, Alton Everette, III",JOURNALS OF GERONTOLOGY SERIES B-PSYCHOLOGICAL SCIENCES AND SOCIAL SCIENCES,2020,10.1093/geronb/gby021,93,Alzheimer's disease; Caregiving; Death and dying; Disability,Article,https://www.webofscience.com/api/gateway?GWVersion=2&SrcApp=wos-lit-review_kkk&SrcAuth=WosAPI&KeyUT=WOS:000515126700023&DestLinkType=FullRecord&DestApp=WOS_CPL,wos_unmet_care_supplement
WOS:000523565200024,Sexual orientation-related disparities in healthcare access in three cohorts of US adults,"Tabaac, Ariella R.; Solazzo, Alexa L.; Gordon, Allegra R.; Austin, S. Bryn; Guss, Carly; Charlton, Brittany M.",PREVENTIVE MEDICINE,2020,10.1016/j.ypmed.2020.105999,60,Social determinants of health; Access/demand/utilization of services; Gender/sex differences in health and health care; Sexual and gender minorities,Article,https://www.webofscience.com/api/gateway?GWVersion=2&SrcApp=wos-lit-review_kkk&SrcAuth=WosAPI&KeyUT=WOS:000523565200024&DestLinkType=FullRecord&DestApp=WOS_CPL,wos_unmet_care_supplement
WOS:000523206600004,Perceived reliability of assistance among American older adults: a study of kin and non-kin help,"Gillespie, Brian Joseph; Treas, Judith",INTERNATIONAL JOURNAL OF CARE AND CARING,2019,10.1332/239788219X15473079319273,8,aging; formal assistance; informal help,Article,https://www.webofscience.com/api/gateway?GWVersion=2&SrcApp=wos-lit-review_kkk&SrcAuth=WosAPI&KeyUT=WOS:000523206600004&DestLinkType=FullRecord&DestApp=WOS_CPL,wos_unmet_care_supplement
WOS:000523220200002,Care poverty: unmet care needs in a Nordic welfare state,"Kroger, Teppo; Puthenparambil, Jiby Mathew; Van Aerschot, Lina",INTERNATIONAL JOURNAL OF CARE AND CARING,2019,10.1332/239788219X15641291564296,61,care poverty; unmet needs; care for older people; Finland,Article,https://www.webofscience.com/api/gateway?GWVersion=2&SrcApp=wos-lit-review_kkk&SrcAuth=WosAPI&KeyUT=WOS:000523220200002&DestLinkType=FullRecord&DestApp=WOS_CPL,wos_unmet_care_supplement
WOS:000529020900004,"Sex-Specific Trends in Acute Myocardial Infarction Within an Integrated Healthcare Network, 2000 Through 2014","Mefford, Matthew T.; Li, Bonnie H.; Qian, Lei; Reading, Stephanie R.; Harrison, Teresa N.; Scott, Ronald D.; Cavendish, Jeffrey J.; Jacobsen, Steven J.; Kanter, Michael H.; Woodward, Mark; Reynolds, Kristi",CIRCULATION,2020,10.1161/CIRCULATIONAHA.119.044738,33,epidemiology; myocardial infarction; sex; trends,Article,https://www.webofscience.com/api/gateway?GWVersion=2&SrcApp=wos-lit-review_kkk&SrcAuth=WosAPI&KeyUT=WOS:000529020900004&DestLinkType=FullRecord&DestApp=WOS_CPL,wos_unmet_care_supplement
WOS:000532852700026,Anxiety and Unmet Needs for Assistance With Daily Activities Among Older Adults,"Zuverink, Ashley; Xiang, Xiaoling",JOURNAL OF AGING AND HEALTH,2020,10.1177/0898264319830805,18,adverse consequences; psychological distress; personal assistance; disability,Article,https://www.webofscience.com/api/gateway?GWVersion=2&SrcApp=wos-lit-review_kkk&SrcAuth=WosAPI&KeyUT=WOS:000532852700026&DestLinkType=FullRecord&DestApp=WOS_CPL,wos_unmet_care_supplement
WOS:000532852700007,"Impairment in Activities of Daily Living, Care Receipt, and Unmet Needs in a Middle-Aged and Older Rural South African Population: Findings From the HAALSI Study","Harling, Guy; Payne, Collin F.; Davies, Justine I.; Gomez-Olive, F. Xavier; Kahn, Kathleen; Manderson, Lenore; Mateen, Farrah J.; Tollman, Stephen M.; Witham, Miles D.",JOURNAL OF AGING AND HEALTH,2020,10.1177/0898264318821220,30,disability; gender; comorbidities; socioeconomic status,Article,https://www.webofscience.com/api/gateway?GWVersion=2&SrcApp=wos-lit-review_kkk&SrcAuth=WosAPI&KeyUT=WOS:000532852700007&DestLinkType=FullRecord&DestApp=WOS_CPL,wos_unmet_care_supplement
WOS:000533509600010,The cyclicality of informal care,"Mommaerts, Corina; Truskinovsky, Yulya",JOURNAL OF HEALTH ECONOMICS,2020,10.1016/j.jhealeco.2020.102306,22,,Article,https://www.webofscience.com/api/gateway?GWVersion=2&SrcApp=wos-lit-review_kkk&SrcAuth=WosAPI&KeyUT=WOS:000533509600010&DestLinkType=FullRecord&DestApp=WOS_CPL,wos_unmet_care_supplement
WOS:000534370500038,Unmet care needs of children with ADHD,"Vijverberg, Richard; Ferdinand, Robert; Beekman, Aartjan; van Meijel, Berno",PLOS ONE,2020,10.1371/journal.pone.0228049,10,,Article,https://www.webofscience.com/api/gateway?GWVersion=2&SrcApp=wos-lit-review_kkk&SrcAuth=WosAPI&KeyUT=WOS:000534370500038&DestLinkType=FullRecord&DestApp=WOS_CPL,wos_unmet_care_supplement
WOS:000537831300007,"A Population-Based Cohort Study Examining the Incidence and Impact of Psychotic Experiences From Childhood to Adulthood, and Prediction of Psychotic Disorder","Sullivan, Sarah A.; Kounali, Daphne; Cannon, Mary; David, Anthony S.; Fletcher, Paul C.; Holmans, Peter; Jones, Hannah; Jones, Peter B.; Linden, David E. J.; Lewis, Glyn; Owen, Michael J.; O'Donovan, Michael; Rammos, Alexandros; Thompson, Andrew; Wolke, Dieter; Heron, Jon; Zammit, Stan",AMERICAN JOURNAL OF PSYCHIATRY,2020,10.1176/appi.ajp.2019.19060654,153,,Article,https://www.webofscience.com/api/gateway?GWVersion=2&SrcApp=wos-lit-review_kkk&SrcAuth=WosAPI&KeyUT=WOS:000537831300007&DestLinkType=FullRecord&DestApp=WOS_CPL,wos_unmet_care_supplement
WOS:000537552800093,"Do factors across the World Health Organisation's International Classification of Functioning, Disability and Health framework relate to caregiver availability for community-dwelling older adults in Ghana?","Awuviry-Newton, Kofi; Wales, Kylie; Tavener, Meredith; Byles, Julie",PLOS ONE,2020,10.1371/journal.pone.0233541,13,,Article,https://www.webofscience.com/api/gateway?GWVersion=2&SrcApp=wos-lit-review_kkk&SrcAuth=WosAPI&KeyUT=WOS:000537552800093&DestLinkType=FullRecord&DestApp=WOS_CPL,wos_unmet_care_supplement
WOS:000539300900176,Unmet Supportive Care Needs of Survival Patients with Nasopharyngeal Carcinoma,"Lin, Ya-Ling; Chuang, Chun-Yi; Hsieh, Vivian Chia-Rong; Tsai, Ming-Shou; Liu, Yen-Fang; Chen, Xian-Xiu; Shieh, Shwn-Huey",INTERNATIONAL JOURNAL OF ENVIRONMENTAL RESEARCH AND PUBLIC HEALTH,2020,10.3390/ijerph17103519,7,unmet care needs; survival patients; nasopharyngeal carcinoma; cancer stages and treatment,Article,https://www.webofscience.com/api/gateway?GWVersion=2&SrcApp=wos-lit-review_kkk&SrcAuth=WosAPI&KeyUT=WOS:000539300900176&DestLinkType=FullRecord&DestApp=WOS_CPL,wos_unmet_care_supplement
WOS:000544439400006,How can stroke care be improved for younger service users? A qualitative study on the unmet needs of younger adults in inpatient and outpatient stroke care in Australia,"Shipley, Jessica; Luker, Julie; Thijs, Vincent; Bernhardt, Julie",DISABILITY AND REHABILITATION,2020,10.1080/09638288.2018.1534278,45,Stroke; young adult; needs assessment; long-term needs; inpatient; outpatient; stroke care; qualitative research,Article,https://www.webofscience.com/api/gateway?GWVersion=2&SrcApp=wos-lit-review_kkk&SrcAuth=WosAPI&KeyUT=WOS:000544439400006&DestLinkType=FullRecord&DestApp=WOS_CPL,wos_unmet_care_supplement
WOS:000565065000001,The Role of Perceived Unjust Treatment in Unmet Needs for Primary Care Among Finnish Roma Adults,"Lamsa, Riikka; Castaneda, Anu E.; Weiste, Anneli; Laalo, Marianne; Koponen, Paivikki; Kuusio, Hannamaria",INTERNATIONAL JOURNAL OF ENVIRONMENTAL RESEARCH AND PUBLIC HEALTH,2020,10.3390/ijerph17165825,6,unmet need; unjust treatment; healthcare services; minorities; Roma,Article,https://www.webofscience.com/api/gateway?GWVersion=2&SrcApp=wos-lit-review_kkk&SrcAuth=WosAPI&KeyUT=WOS:000565065000001&DestLinkType=FullRecord&DestApp=WOS_CPL,wos_unmet_care_supplement
WOS:000573160700001,HIV-positive persons who inject drugs experience poor health outcomes and unmet needs for care services,"Dasgupta, Sharoda; Tie, Yunfeng; Lemons-Lyn, Ansley; Broz, Dita; Buchacz, Kate; Shouse, R. Luke",AIDS CARE-PSYCHOLOGICAL AND SOCIO-MEDICAL ASPECTS OF AIDS/HIV,2021,10.1080/09540121.2020.1826396,21,Injection drug use; social determinants of health; transmission risk,Article,https://www.webofscience.com/api/gateway?GWVersion=2&SrcApp=wos-lit-review_kkk&SrcAuth=WosAPI&KeyUT=WOS:000573160700001&DestLinkType=FullRecord&DestApp=WOS_CPL,wos_unmet_care_supplement
WOS:000574089600001,Agreement between patients and mental healthcare providers on unmet care needs in child and adolescent psychiatry,"Vijverberg, Richard; Ferdinand, Robert; Beekman, Aartjan; van Meijel, Berno",SOCIAL PSYCHIATRY AND PSYCHIATRIC EPIDEMIOLOGY,2021,10.1007/s00127-020-01969-8,3,Childhood; Agreement; Care needs; Intensity of care; Outpatient; Assertive Community Treatment,Article,https://www.webofscience.com/api/gateway?GWVersion=2&SrcApp=wos-lit-review_kkk&SrcAuth=WosAPI&KeyUT=WOS:000574089600001&DestLinkType=FullRecord&DestApp=WOS_CPL,wos_unmet_care_supplement
WOS:000575443000001,Unmet care needs of older people: A scoping review,"Kalankova, Dominika; Stolt, Minna; Scott, P. Anne; Papastavrou, Evridiki; Suhonen, Riitta",NURSING ETHICS,2021,10.1177/0969733020948112,94,Missed care; nursing; older people; rationing; scoping review; unfinished care; unmet care needs,Review,https://www.webofscience.com/api/gateway?GWVersion=2&SrcApp=wos-lit-review_kkk&SrcAuth=WosAPI&KeyUT=WOS:000575443000001&DestLinkType=FullRecord&DestApp=WOS_CPL,wos_unmet_care_supplement
WOS:000584586600002,Unmet care needs in the oldest old with social loss experiences: results of a representative survey,"Stein, Janine; Loebner, Margrit; Pabst, Alexander; Koenig, Hans-Helmut; Riedel-Heller, Steffi G.",BMC GERIATRICS,2020,10.1186/s12877-020-01822-2,13,Loss experiences; Bereavement; Need assessment; Old age; Health services research,Article,https://www.webofscience.com/api/gateway?GWVersion=2&SrcApp=wos-lit-review_kkk&SrcAuth=WosAPI&KeyUT=WOS:000584586600002&DestLinkType=FullRecord&DestApp=WOS_CPL,wos_unmet_care_supplement
WOS:000586377700001,Self-rated health over the first five years after stroke,"Bjalkefur, Kerstin; Nasic, Salmir; Bertholds, Eric; Jood, Katarina; Rejno, Asa",BMC NEUROLOGY,2020,10.1186/s12883-020-01956-1,13,Longitudinal study; Patient reported outcome measures; Person centered care; Questionnaire; Self-rated health; Sweden,Article,https://www.webofscience.com/api/gateway?GWVersion=2&SrcApp=wos-lit-review_kkk&SrcAuth=WosAPI&KeyUT=WOS:000586377700001&DestLinkType=FullRecord&DestApp=WOS_CPL,wos_unmet_care_supplement
WOS:000585940600025,"Role of clinical, functional and social factors in the association between multimorbidity and quality of life: Findings from the Survey of Health, Ageing and Retirement in Europe (SHARE)","Makovski, Tatjana T.; Le Coroller, Gwenaelle; Putrik, Polina; Choi, Yun Hee; Zeegers, Maurice P.; Stranges, Saverio; Ruiz Castell, Maria; Huiart, Laetitia; van den Akker, Marjan",PLOS ONE,2020,10.1371/journal.pone.0240024,30,,Article,https://www.webofscience.com/api/gateway?GWVersion=2&SrcApp=wos-lit-review_kkk&SrcAuth=WosAPI&KeyUT=WOS:000585940600025&DestLinkType=FullRecord&DestApp=WOS_CPL,wos_unmet_care_supplement
WOS:000592066000001,Met and unmet care needs of home-living people with dementia in China: An observational study using the Camberwell Assessment of Need for the Elderly,"Zhang, Juxia; Xu, Xiaoqing; Yang, LiMei; Wang, Jiancheng",GERIATRICS & GERONTOLOGY INTERNATIONAL,2021,10.1111/ggi.14093,23,Camberwell Assessment of Need for the Elderly; dementia; home&#8208; living; met needs; unmet needs,Article,https://www.webofscience.com/api/gateway?GWVersion=2&SrcApp=wos-lit-review_kkk&SrcAuth=WosAPI&KeyUT=WOS:000592066000001&DestLinkType=FullRecord&DestApp=WOS_CPL,wos_unmet_care_supplement
WOS:000584526700021,"Healthcare Access and Utilization Among Persons Who Inject Drugs in Medicaid Expansion and Nonexpansion States: 22 United States Cities, 2018","Lewis, Rashunda; Baugher, Amy R.; Finlayson, Teresa; Wejnert, Cyprian; Sionean, Catlainn",JOURNAL OF INFECTIOUS DISEASES,2020,10.1093/infdis/jiaa337,27,healthcare utilization; injection drug use; insurance; Medicaid expansion; medication-assisted treatment,Article,https://www.webofscience.com/api/gateway?GWVersion=2&SrcApp=wos-lit-review_kkk&SrcAuth=WosAPI&KeyUT=WOS:000584526700021&DestLinkType=FullRecord&DestApp=WOS_CPL,wos_unmet_care_supplement
WOS:000601169200001,Perceptions of care after end-of-treatment among younger women with different gynecologic cancer diagnoses - a qualitative analysis of written responses submitted via a survey,"Mattsson, Elisabet; Ljungman, Lisa; Einhorn, Kim; Sundstrom Poromaa, Inger; Stalberg, Karin; Wikman, Anna",BMC WOMENS HEALTH,2020,10.1186/s12905-020-01133-z,11,Young adult; Cancer; Gynecologic; Oncology; Survivorship; Quality of life,Article,https://www.webofscience.com/api/gateway?GWVersion=2&SrcApp=wos-lit-review_kkk&SrcAuth=WosAPI&KeyUT=WOS:000601169200001&DestLinkType=FullRecord&DestApp=WOS_CPL,wos_unmet_care_supplement
WOS:000659205500025,Neuropalliative care: An integrative review of the nursing literature,"Sofronas, Marianne; Wright, David Kenneth",INTERNATIONAL JOURNAL OF NURSING STUDIES,2021,10.1016/j.ijnurstu.2021.103879,9,Palliative Care Nursing; Neuroscience Nursing; Review Literature; Family Caregivers; Caregiver Burnout; Cognitive Disorders; Communication Disorders; Nurse Patient Relationship; Grief; Advance Directives,Review,https://www.webofscience.com/api/gateway?GWVersion=2&SrcApp=wos-lit-review_kkk&SrcAuth=WosAPI&KeyUT=WOS:000659205500025&DestLinkType=FullRecord&DestApp=WOS_CPL,wos_unmet_care_supplement
WOS:000612931000003,"Supportive care needs of patients with rare chronic diseases: multi-method, cross-sectional study","Depping, Miram K.; Uhlenbusch, Natalie; von Kodolitsch, Yskert; Klose, Hans F. E.; Mautner, Victor-Felix; Loewe, Bernd",ORPHANET JOURNAL OF RARE DISEASES,2021,10.1186/s13023-020-01660-w,59,Supportive care needs; Psychosocial support; Rare diseases; Patient preferences; Patient reported outcomes,Article,https://www.webofscience.com/api/gateway?GWVersion=2&SrcApp=wos-lit-review_kkk&SrcAuth=WosAPI&KeyUT=WOS:000612931000003&DestLinkType=FullRecord&DestApp=WOS_CPL,wos_unmet_care_supplement
WOS:000615200600001,A Nurse-Led Education Program for Pneumoconiosis Caregivers at the Community Level,"Kin, Cheung; Tsang, Chun Yuk Jason; Zhang, Lillian Weiwei; Chan, Sandy Kit Ying",INTERNATIONAL JOURNAL OF ENVIRONMENTAL RESEARCH AND PUBLIC HEALTH,2021,10.3390/ijerph18031092,4,caregivers; learning domains; mental wellbeing; nurse-led program; Orem&#8217; s self-care deficit theory,Article,https://www.webofscience.com/api/gateway?GWVersion=2&SrcApp=wos-lit-review_kkk&SrcAuth=WosAPI&KeyUT=WOS:000615200600001&DestLinkType=FullRecord&DestApp=WOS_CPL,wos_unmet_care_supplement
WOS:000620133600001,Medicaid Expansion and Racial and Ethnic Disparities in Access to Health Care: Applying the National Academy of Medicine Definition of Health Care Disparities,"Lee, Hyunjung; Hodgkin, Dominic; Johnson, Michael P.; Porell, Frank W.",INQUIRY-THE JOURNAL OF HEALTH CARE ORGANIZATION PROVISION AND FINANCING,2021,10.1177/0046958021991293,30,Medicaid expansion; access to care; racial; ethnic disparities,Article,https://www.webofscience.com/api/gateway?GWVersion=2&SrcApp=wos-lit-review_kkk&SrcAuth=WosAPI&KeyUT=WOS:000620133600001&DestLinkType=FullRecord&DestApp=WOS_CPL,wos_unmet_care_supplement
WOS:000632041300012,Caregiving Factors as Predictors of Care Recipient Mortality,"Schulz, Richard; Beach, Scott R.; Friedman, Esther M.",AMERICAN JOURNAL OF GERIATRIC PSYCHIATRY,2021,10.1016/j.jagp.2020.06.025,44,Caregiving; caregiver burden; caregiver mental health; care recipient mortality,Article,https://www.webofscience.com/api/gateway?GWVersion=2&SrcApp=wos-lit-review_kkk&SrcAuth=WosAPI&KeyUT=WOS:000632041300012&DestLinkType=FullRecord&DestApp=WOS_CPL,wos_unmet_care_supplement
WOS:000634476500001,"Face and content validity of the Carer Support Needs Assessment Tool (CSNAT), and feasibility of the CSNAT intervention, for carers of patients with chronic obstructive pulmonary disease","Micklewright, Kerry; Farquhar, Morag",CHRONIC ILLNESS,2022,10.1177/1742395321999433,14,Chronic disease; caregivers; chronic obstructive pulmonary disease; focus groups; intervention,Article,https://www.webofscience.com/api/gateway?GWVersion=2&SrcApp=wos-lit-review_kkk&SrcAuth=WosAPI&KeyUT=WOS:000634476500001&DestLinkType=FullRecord&DestApp=WOS_CPL,wos_unmet_care_supplement
WOS:000642627800006,Association between primary caregiver type and mortality among Chinese older adults with disability: a prospective cohort study,"Liu, Yangyujin; Li, Haoxue; Wu, Bei; Liu, Xiaoting; Chen, Honglin; Jin, Hai-Yu; Wu, Chenkai",BMC GERIATRICS,2021,10.1186/s12877-021-02219-5,6,Informal caregiving; Caregiver; Unmet care needs; China; Death,Article,https://www.webofscience.com/api/gateway?GWVersion=2&SrcApp=wos-lit-review_kkk&SrcAuth=WosAPI&KeyUT=WOS:000642627800006&DestLinkType=FullRecord&DestApp=WOS_CPL,wos_unmet_care_supplement
WOS:000640743000001,"Unmet support needs in teenage and young adult childhood brain tumour survivors and their caregivers: ""it's all the aftermath, and then you're forgotten about""","Nicklin, Emma; Pointon, Lucy; Glaser, Adam; Sarwar, Naseem; Kwok-Williams, Michelle; Debono, Miguel; Velikova, Galina; Boele, Florien W.",SUPPORTIVE CARE IN CANCER,2021,10.1007/s00520-021-06193-x,20,Brain tumour; Teenage young adult; Survivorship; Family caregiver; Supportive care; Unmet needs; Late effects,Article,https://www.webofscience.com/api/gateway?GWVersion=2&SrcApp=wos-lit-review_kkk&SrcAuth=WosAPI&KeyUT=WOS:000640743000001&DestLinkType=FullRecord&DestApp=WOS_CPL,wos_unmet_care_supplement
WOS:000649134100001,Tensions in support for family caregivers of people with dementia in Singapore: A qualitative study,"Basnyat, Iccha; Chang, Leanne",DEMENTIA-INTERNATIONAL JOURNAL OF SOCIAL RESEARCH AND PRACTICE,2021,10.1177/1471301221990567,21,dementia; family caregiving; family carers; family support; interviews,Article,https://www.webofscience.com/api/gateway?GWVersion=2&SrcApp=wos-lit-review_kkk&SrcAuth=WosAPI&KeyUT=WOS:000649134100001&DestLinkType=FullRecord&DestApp=WOS_CPL,wos_unmet_care_supplement
WOS:000651115700001,Carers of older Australians: unmet support needs and carer well-being,"Temple, Jeromey; Dow, Briony; Kosowicz, Leona",AUSTRALIAN JOURNAL OF PRIMARY HEALTH,2021,10.1071/PY20161,10,aged care; caregivers; informal care; unmet needs,Article,https://www.webofscience.com/api/gateway?GWVersion=2&SrcApp=wos-lit-review_kkk&SrcAuth=WosAPI&KeyUT=WOS:000651115700001&DestLinkType=FullRecord&DestApp=WOS_CPL,wos_unmet_care_supplement
WOS:000651644500010,Dementia palliative care: A multi-site survey of long term care STAFF'S education needs and readiness to change,"Timmons, S.; O'Loughlin, C.; Buckley, C.; Cornally, N.; Hartigan, I.; Lehane, E.; Finn, C.; Coffey, A.",NURSE EDUCATION IN PRACTICE,2021,10.1016/j.nepr.2021.103006,10,Palliative care; Staff learning needs; Dementia; Long term care; Nursing home; Residential care,Article,https://www.webofscience.com/api/gateway?GWVersion=2&SrcApp=wos-lit-review_kkk&SrcAuth=WosAPI&KeyUT=WOS:000651644500010&DestLinkType=FullRecord&DestApp=WOS_CPL,wos_unmet_care_supplement
WOS:000668105300001,The Impact of COVID-19 on Informal Caregiving and Care Receiving Across Europe During the First Phase of the Pandemic,"Bergmann, Michael; Wagner, Melanie",FRONTIERS IN PUBLIC HEALTH,2021,10.3389/fpubh.2021.673874,91,SHARE; COVID-19; informal care; physical and mental health; epidemiological control measures; stay at home orders,Article,https://www.webofscience.com/api/gateway?GWVersion=2&SrcApp=wos-lit-review_kkk&SrcAuth=WosAPI&KeyUT=WOS:000668105300001&DestLinkType=FullRecord&DestApp=WOS_CPL,wos_unmet_care_supplement
WOS:000659464600001,Symptom Burden and Unmet Support Needs of Patients With Parkinson's Disease: A Cross-Sectional Study in Asia-Pacific Regions,"Kwok, Jojo Yan Yan; Huang, Tsai-Wei; Tretriluxana, Jarugool; Auyeung, Man; Chau, Pui Hing; Lin, Chia-Chin; Chan, Helen Yue Lai",JOURNAL OF THE AMERICAN MEDICAL DIRECTORS ASSOCIATION,2021,10.1016/j.jamda.2020.09.012,32,Palliative care; chronic disease; neurology; quality of life; Parkinson's disease,Article,https://www.webofscience.com/api/gateway?GWVersion=2&SrcApp=wos-lit-review_kkk&SrcAuth=WosAPI&KeyUT=WOS:000659464600001&DestLinkType=FullRecord&DestApp=WOS_CPL,wos_unmet_care_supplement
WOS:000671554900001,Future expectations of receiving care and all-cause mortality among older adults in Korea,"Yoon, Heesoo; Kim, Jinho",HEALTH & SOCIAL CARE IN THE COMMUNITY,2022,10.1111/hsc.13495,12,care needs; family caregivers; future expectations; gender; Korea; longevity; mortality,Article,https://www.webofscience.com/api/gateway?GWVersion=2&SrcApp=wos-lit-review_kkk&SrcAuth=WosAPI&KeyUT=WOS:000671554900001&DestLinkType=FullRecord&DestApp=WOS_CPL,wos_unmet_care_supplement
WOS:000878870400001,"Family Care, Economic Stress, and Depressive Symptoms Among Chinese Adults During the COVID-19 Outbreak: Difference by Urban and Rural Areas","Liu, Chengbin; Zhang, Liyuan; Ahmed, Farooq; Shahid, Muhammad; Wang, Xiaohua; Wang, Yiqing; Wang, Junlan; Guo, Jing",FRONTIERS IN PSYCHIATRY,2021,10.3389/fpsyt.2021.700493,14,family care; depressive symptoms; COVID-19; economic stress; urban-rural difference,Article,https://www.webofscience.com/api/gateway?GWVersion=2&SrcApp=wos-lit-review_kkk&SrcAuth=WosAPI&KeyUT=WOS:000878870400001&DestLinkType=FullRecord&DestApp=WOS_CPL,wos_unmet_care_supplement
WOS:000679118300001,Care Poverty Within the Home Space: Exploring the Emotional Experiences of Unmet Care Needs,"Sihto, Tiina; Van Aerschot, Lina",FRONTIERS IN SOCIOLOGY,2021,10.3389/fsoc.2021.637799,7,care; care poverty; emotions; Finland; home; home care,Article,https://www.webofscience.com/api/gateway?GWVersion=2&SrcApp=wos-lit-review_kkk&SrcAuth=WosAPI&KeyUT=WOS:000679118300001&DestLinkType=FullRecord&DestApp=WOS_CPL,wos_unmet_care_supplement
WOS:000678804300011,Unmet needs for assistance related to subjective cognitive decline among community-dwelling middle-aged and older adults in the US: prevalence and impact on health-related quality of life,"Bouldin, Erin D.; Taylor, Christopher A.; Knapp, Kenneth A.; Miyawaki, Christina E.; Mercado, Nicholas R.; Wooten, Karen G.; McGuire, Lisa C.",INTERNATIONAL PSYCHOGERIATRICS,2021,10.1017/S1041610220001635,11,subjective health complaints; cognitive decline; middle-aged; aged; quality of life; caregivers; needs; helping behavior,Article,https://www.webofscience.com/api/gateway?GWVersion=2&SrcApp=wos-lit-review_kkk&SrcAuth=WosAPI&KeyUT=WOS:000678804300011&DestLinkType=FullRecord&DestApp=WOS_CPL,wos_unmet_care_supplement
WOS:000690879200001,"Unmet supportive care needs, anxiety and depression in haematology patients during watch-and-wait","Damen, Marieke D. C.; Westerweel, Peter E.; Levin, Mark David; Pelle, Aline J.",PSYCHO-ONCOLOGY,2022,10.1002/pon.5800,19,anxiety; cancer; depression; haematology; indolent malignancy; oncology; psycho-oncology; psychological factors; unmet care needs,Article,https://www.webofscience.com/api/gateway?GWVersion=2&SrcApp=wos-lit-review_kkk&SrcAuth=WosAPI&KeyUT=WOS:000690879200001&DestLinkType=FullRecord&DestApp=WOS_CPL,wos_unmet_care_supplement
WOS:000692198200009,Qualitative evaluation of a mandatory health insurance 'wait period' in a publicly funded health system: understanding health inequities for newcomer im/migrant women,"Grassby, Maggie Hamel-Smith; Wiedmeyer, Mei-Ling; Lavergne, M. Ruth; Goldenberg, Shira M.",BMJ OPEN,2021,10.1136/bmjopen-2020-047597,26,qualitative research; reproductive medicine; public health; health policy,Article,https://www.webofscience.com/api/gateway?GWVersion=2&SrcApp=wos-lit-review_kkk&SrcAuth=WosAPI&KeyUT=WOS:000692198200009&DestLinkType=FullRecord&DestApp=WOS_CPL,wos_unmet_care_supplement
WOS:000693601600001,Perceived Adequacy of Tangible Support during Stay-at-Home Orders in Chicago and New York,"O'Conor, Rachel; Opsasnick, Lauren; Pack, Allison; Benavente, Julia Yoshino; Curtis, Laura M.; Lovett, Rebecca M.; Luu, Han; Wismer, Guisselle; Kwasny, Mary J.; Federman, Alex D.; Bailey, Stacy C.; Wolf, Michael S.",JOURNAL OF PRIMARY CARE AND COMMUNITY HEALTH,2021,10.1177/21501327211024411,0,COVID-19; social support; tangible assistance,Article,https://www.webofscience.com/api/gateway?GWVersion=2&SrcApp=wos-lit-review_kkk&SrcAuth=WosAPI&KeyUT=WOS:000693601600001&DestLinkType=FullRecord&DestApp=WOS_CPL,wos_unmet_care_supplement
WOS:000701052200001,Using Social Media for Peer-to-Peer Cancer Support: Interviews With Young Adults With Cancer,"Lazard, Allison J.; Collins, Meredith K. Reffner; Hedrick, Ashley; Varma, Tushar; Love, Brad; Valle, Carmina G.; Brooks, Erik; Benedict, Catherine",JMIR CANCER,2021,10.2196/28234,68,cancer survivors; social support; peer groups; social media; young adults; pyscho-oncology; mobile phone,Article,https://www.webofscience.com/api/gateway?GWVersion=2&SrcApp=wos-lit-review_kkk&SrcAuth=WosAPI&KeyUT=WOS:000701052200001&DestLinkType=FullRecord&DestApp=WOS_CPL,wos_unmet_care_supplement
WOS:000702982400001,The Bladder at Night during Hospitalisation: Towards optimal care for elderly patients with nocturia,"Van Besien, Wouter; Shire, Samia; Decalf, Veerle; Ervin, Claire E.; King, Sharyn; Baldrey, Christine; Da Silva, Alisha; Wagg, Adrian; Everaert, Karel E.; Bower, Wendy F.",INTERNATIONAL JOURNAL OF CLINICAL PRACTICE,2021,10.1111/ijcp.14876,5,aged; hospital; incontinence; Nocturia; urinary urgency,Article,https://www.webofscience.com/api/gateway?GWVersion=2&SrcApp=wos-lit-review_kkk&SrcAuth=WosAPI&KeyUT=WOS:000702982400001&DestLinkType=FullRecord&DestApp=WOS_CPL,wos_unmet_care_supplement
WOS:000706862200001,Optimising social conditions to improve autonomy in communication and care for ethnic minority residents in nursing homes: A meta-synthesis of qualitative research,"Xiao, Lily D.; Chen, Li; Han, Weifeng; Meyer, Claudia; Mueller, Amanda; Low, Lee-Fay; Brijnath, Bianca; Mohammadi, Leila",NURSING INQUIRY,2022,10.1111/nin.12469,15,aged care; communication; cultural diversity; ethnic inequalities; linguistic diversity; nursing home; self-determination; social conditions,Review,https://www.webofscience.com/api/gateway?GWVersion=2&SrcApp=wos-lit-review_kkk&SrcAuth=WosAPI&KeyUT=WOS:000706862200001&DestLinkType=FullRecord&DestApp=WOS_CPL,wos_unmet_care_supplement
WOS:000704656800009,Psychological Distress and Its Association with Unmet Needs and Symptom Burden in Outpatient Cancer Patients: A Cross-Sectional Study,"Yuce, Gulyeter Erdogan; Doner, Ayser; Muz, Gamze",SEMINARS IN ONCOLOGY NURSING,2021,10.1016/j.soncn.2021.151214,51,Cancer; Psychological distress; Anxiety; Depression; Needs; Symptoms,Article; Meeting,https://www.webofscience.com/api/gateway?GWVersion=2&SrcApp=wos-lit-review_kkk&SrcAuth=WosAPI&KeyUT=WOS:000704656800009&DestLinkType=FullRecord&DestApp=WOS_CPL,wos_unmet_care_supplement
WOS:000707715800017,Clusters of adverse childhood experiences and unmet need for care coordination,"Anyigbo, Chidiogo; Tarini, Beth A.; Wang, Jichuan; Lanier, Paul",CHILD ABUSE & NEGLECT,2021,10.1016/j.chiabu.2021.105334,10,Adverse childhood experiences; Child health services; Latent class analysis,Article,https://www.webofscience.com/api/gateway?GWVersion=2&SrcApp=wos-lit-review_kkk&SrcAuth=WosAPI&KeyUT=WOS:000707715800017&DestLinkType=FullRecord&DestApp=WOS_CPL,wos_unmet_care_supplement
WOS:000711465000001,Unmet support needs relating to hypoglycaemia among adults with type 1 diabetes: Results of a multi-country web-based qualitative study,"Chatwin, Hannah; Broadley, Melanie; Hendrieckx, Christel; Carlton, Jill; Heller, Simon; Amiel, Stephanie A.; Galan, Bastiaan E.; Hermanns, Norbert; Finke-Groene, Katharina; Speight, Jane; Pouwer, Frans",DIABETIC MEDICINE,2022,10.1111/dme.14727,10,,Article,https://www.webofscience.com/api/gateway?GWVersion=2&SrcApp=wos-lit-review_kkk&SrcAuth=WosAPI&KeyUT=WOS:000711465000001&DestLinkType=FullRecord&DestApp=WOS_CPL,wos_unmet_care_supplement
WOS:000718673400001,Parental Caregivers and Household Power Dynamics,"Miller, Ray; Bairoliya, Neha",FEMINIST ECONOMICS,2022,10.1080/13545701.2021.1975793,15,Bargaining power; aging; parental caregivers; welfare; gender inequality,Article,https://www.webofscience.com/api/gateway?GWVersion=2&SrcApp=wos-lit-review_kkk&SrcAuth=WosAPI&KeyUT=WOS:000718673400001&DestLinkType=FullRecord&DestApp=WOS_CPL,wos_unmet_care_supplement
WOS:000732818700005,Assessment of Met and Unmet Care Needs in Older Adults without Mental Disorders Using the Camberwell Assessment of Need for the Elderly: A Systematic Review and Meta-analysis,"Cheraghi, Parvin; Delbari, Ahmad; Cheraghi, Zahra; Karimi-Shahanjarini, Akram; Zanjari, Nasibeh",JOURNAL OF RESEARCH IN HEALTH SCIENCES,2021,10.34172/jrhs.2021.64,13,Aged; Meta-Analysis; Needs Assessment; Systematic Review,Review,https://www.webofscience.com/api/gateway?GWVersion=2&SrcApp=wos-lit-review_kkk&SrcAuth=WosAPI&KeyUT=WOS:000732818700005&DestLinkType=FullRecord&DestApp=WOS_CPL,wos_unmet_care_supplement
WOS:000738633200010,Demand for community-based Case Management in Austria-a qualitative analysis,"Gessl, Alessandra Schirin; Floerl, Angela; Schulc, Eva",BMC NURSING,2022,10.1186/s12912-021-00775-0,5,Home healthcare; Community care; Focus group; nurse roles; Multi-professional practice; Case management,Article,https://www.webofscience.com/api/gateway?GWVersion=2&SrcApp=wos-lit-review_kkk&SrcAuth=WosAPI&KeyUT=WOS:000738633200010&DestLinkType=FullRecord&DestApp=WOS_CPL,wos_unmet_care_supplement
WOS:000742521700001,Understanding unmet aged care need and care inequalities among older Australians,"Hill, Trish",AGEING & SOCIETY,2022,10.1017/S0144686X21000222,14,unmet need; care inequalities; care poverty; aged care; Australia,Article,https://www.webofscience.com/api/gateway?GWVersion=2&SrcApp=wos-lit-review_kkk&SrcAuth=WosAPI&KeyUT=WOS:000742521700001&DestLinkType=FullRecord&DestApp=WOS_CPL,wos_unmet_care_supplement
WOS:000743209000001,"How does long-term care impact the psychological wellbeing of older adults in different care policy contexts in the Netherlands? A comparison of 1998, 2008 and 2018","Abbing, Jens; Suanet, Bianca; van Groenou, Marjolein Broese",HEALTH & SOCIAL CARE IN THE COMMUNITY,2022,10.1111/hsc.13719,2,depressive symptoms; informal care; long-term care; perceived care sufficiency; psychological wellbeing; unmet care needs,Article,https://www.webofscience.com/api/gateway?GWVersion=2&SrcApp=wos-lit-review_kkk&SrcAuth=WosAPI&KeyUT=WOS:000743209000001&DestLinkType=FullRecord&DestApp=WOS_CPL,wos_unmet_care_supplement
WOS:000932785300001,Programs Addressed to Family Caregivers/Informal Caregivers Needs: Systematic Review Protocol,"Sousa, Luis; Gemito, Laurencia; Ferreira, Rogerio; Pinho, Lara; Fonseca, Cesar; Lopes, Manuel",JOURNAL OF PERSONALIZED MEDICINE,2022,10.3390/jpm12020145,6,caregiver; informal caregiver; needs; intervention; patient-focused care,Article,https://www.webofscience.com/api/gateway?GWVersion=2&SrcApp=wos-lit-review_kkk&SrcAuth=WosAPI&KeyUT=WOS:000932785300001&DestLinkType=FullRecord&DestApp=WOS_CPL,wos_unmet_care_supplement
WOS:000924444300006,Routine Cancer Treatment Regimens and Its Impact on Fine Motor Dexterity in Breast Cancer,"Grusdat, Niklas Paul; Staeuber, Alexander; Tolkmitt, Marion; Schnabel, Jens; Schubotz, Birgit; Schulz, Henry",ONCOLOGY RESEARCH AND TREATMENT,2022,10.1159/000519829,2,Breast cancer; Fine motor dexterity; Survivorship; Cancer treatment,Article,https://www.webofscience.com/api/gateway?GWVersion=2&SrcApp=wos-lit-review_kkk&SrcAuth=WosAPI&KeyUT=WOS:000924444300006&DestLinkType=FullRecord&DestApp=WOS_CPL,wos_unmet_care_supplement
WOS:000745710100019,Impairment in Activities of Daily Living and Unmet Need for Care Among Older Adults: A Population-Based Study From Burkina Faso,"Brinkmann, Ben; Davies, Justine, I; Witham, Miles D.; Harling, Guy; Baernighausen, Till; Bountogo, Mamadou; Siedner, Mark J.; Ouermi, Lucienne; Junghanns, Jana; Coulibaly, Boubacar; Sie, Ali; Payne, Collin F.; Kohler, Iliana, V",JOURNALS OF GERONTOLOGY SERIES B-PSYCHOLOGICAL SCIENCES AND SOCIAL SCIENCES,2021,10.1093/geronb/gbab041,7,Activity impairment; Care need; Epidemiology; Health care; Sub-Saharan Africa,Article,https://www.webofscience.com/api/gateway?GWVersion=2&SrcApp=wos-lit-review_kkk&SrcAuth=WosAPI&KeyUT=WOS:000745710100019&DestLinkType=FullRecord&DestApp=WOS_CPL,wos_unmet_care_supplement
WOS:000755522600001,Sensory Impairment and the Odds of Adverse Consequences of Unmet Needs for Care Among Older Adults,"Pittman, Corinne; Nieman, Carrie L.; Reed, Nicholas S.; Swenor, Bonnielin K.; Willink, Amber",JOURNALS OF GERONTOLOGY SERIES B-PSYCHOLOGICAL SCIENCES AND SOCIAL SCIENCES,2022,10.1093/geronb/gbab065,11,Hearing impairment; Long-term services and support; Vision impairment,Article,https://www.webofscience.com/api/gateway?GWVersion=2&SrcApp=wos-lit-review_kkk&SrcAuth=WosAPI&KeyUT=WOS:000755522600001&DestLinkType=FullRecord&DestApp=WOS_CPL,wos_unmet_care_supplement
WOS:000753681500001,Experiences and views of nurses about unmet needs of older cancer patients receiving chemotherapy: A qualitative study,"Ayvat, Irem; Ozbas, Azize Atli",PALLIATIVE & SUPPORTIVE CARE,2023,10.1017/S1478951522000098,18,Aged; Healthcare service needs and demands; Healthcare services for the aged; Oncology nursing; Supportive care needs,Article,https://www.webofscience.com/api/gateway?GWVersion=2&SrcApp=wos-lit-review_kkk&SrcAuth=WosAPI&KeyUT=WOS:000753681500001&DestLinkType=FullRecord&DestApp=WOS_CPL,wos_unmet_care_supplement
WOS:000763880300001,The impact of unmet needs for assistance with activities of daily living on the self-rated health and life satisfaction of Chinese community-dwelling older adults,"Huang, Jing; Choi, Edmond Pui Hang; Chau, Pui Hing",AGING & MENTAL HEALTH,2023,10.1080/13607863.2022.2045563,10,ADL; unmet need; insufficient help; long-term care; self-rated health; life satisfaction; quantitative methods and statistics,Article,https://www.webofscience.com/api/gateway?GWVersion=2&SrcApp=wos-lit-review_kkk&SrcAuth=WosAPI&KeyUT=WOS:000763880300001&DestLinkType=FullRecord&DestApp=WOS_CPL,wos_unmet_care_supplement
WOS:000764125800001,Impact of the COVID-19 pandemic on acute otolaryngology inpatient activity at a tertiary referral centre: A retrospective analysis,"Deekonda, Praveena; Mirza, Adal Hussain; Jones, Huw",CLINICAL OTOLARYNGOLOGY,2022,10.1111/coa.13920,3,acute; admissions; coronavirus; COVID-19; emergency,Article,https://www.webofscience.com/api/gateway?GWVersion=2&SrcApp=wos-lit-review_kkk&SrcAuth=WosAPI&KeyUT=WOS:000764125800001&DestLinkType=FullRecord&DestApp=WOS_CPL,wos_unmet_care_supplement
WOS:000764156700006,Gender difference in unmet need for assistance with activities of daily living among disabled seniors in China : a cross-sectional study,"Chen, Na; Li, Xin; Deng, Min; Wang, Chang Qing; Zhou, Chengchao",BMJ OPEN,2021,10.1136/bmjopen-2020-044807,0,public health; qualitative research; international health services; quality in health care,Article,https://www.webofscience.com/api/gateway?GWVersion=2&SrcApp=wos-lit-review_kkk&SrcAuth=WosAPI&KeyUT=WOS:000764156700006&DestLinkType=FullRecord&DestApp=WOS_CPL,wos_unmet_care_supplement
WOS:000767928900001,Impact of an addiction medicine consult team intervention in a Canadian inner city hospital on acute care utilization: a pragmatic quasi-experimental study,"Salvalaggio, Ginetta; Dong, Kathryn A.; Hyshka, Elaine; McCabe, Christopher; Nixon, Lara; Rosychuk, Rhonda J.; Dmitrienko, Klaudia; Krajnak, Judith; Mrklas, Kelly; Wild, T. Cameron",SUBSTANCE ABUSE TREATMENT PREVENTION AND POLICY,2022,10.1186/s13011-022-00445-7,6,Substance-related disorders; Vulnerable populations; Health services; urban; Patient care team,Article,https://www.webofscience.com/api/gateway?GWVersion=2&SrcApp=wos-lit-review_kkk&SrcAuth=WosAPI&KeyUT=WOS:000767928900001&DestLinkType=FullRecord&DestApp=WOS_CPL,wos_unmet_care_supplement
WOS:000770387100001,Understanding the support experiences of families of children with autism and sensory processing difficulties: A qualitative study,"Milosevic, Sarah; Brookes-Howell, Lucy; Randell, Elizabeth; Williams-Thomas, Rhys; Delport, Sue; Busse, Monica; Gillespie, David; Ahuja, Alka S.; McKigney, Anne Marie; Glarou, Eleni; McNamara, Rachel",HEALTH EXPECTATIONS,2022,10.1111/hex.13465,17,autism; children; parents; qualitative research; sensory processing; support,Article,https://www.webofscience.com/api/gateway?GWVersion=2&SrcApp=wos-lit-review_kkk&SrcAuth=WosAPI&KeyUT=WOS:000770387100001&DestLinkType=FullRecord&DestApp=WOS_CPL,wos_unmet_care_supplement
WOS:000777631300001,National registry-based data of adverse events in Finnish long-term professional homecare in 2009-2019,"Kivimaki, Taina; Stolt, Minna; Katajisto, Jouko; Charalambous, Andreas; Suhonen, Riitta",JOURNAL OF CLINICAL NURSING,2023,10.1111/jocn.16312,2,adverse event; descriptive study; long-term professional homecare; older people; registry-based study; safety,Article,https://www.webofscience.com/api/gateway?GWVersion=2&SrcApp=wos-lit-review_kkk&SrcAuth=WosAPI&KeyUT=WOS:000777631300001&DestLinkType=FullRecord&DestApp=WOS_CPL,wos_unmet_care_supplement
WOS:000779624400003,Exploring the Role of a WhatsApp Online Community in Supporting the Needs of Women Living with Endometriosis in Malaysia: An Interview Study,"Wilson, Sharon; Mogan, Surita; Coulson, Neil; Tham, Jen Sern",ASIAN WOMEN,2022,10.14431/aw.2022.3.38.1.59,3,Endometriosis; online support; technology; WhatsApp; women,Article,https://www.webofscience.com/api/gateway?GWVersion=2&SrcApp=wos-lit-review_kkk&SrcAuth=WosAPI&KeyUT=WOS:000779624400003&DestLinkType=FullRecord&DestApp=WOS_CPL,wos_unmet_care_supplement
WOS:000781418900001,A Qualitative Study Exploring the Lives and Caring Practices of Young Carers of Stroke Survivors,"Cameron, Trudi M.; Walker, Marion F.; Fisher, Rebecca J.",INTERNATIONAL JOURNAL OF ENVIRONMENTAL RESEARCH AND PUBLIC HEALTH,2022,10.3390/ijerph19073941,11,young carer; stroke; families; children; agency; information; qualitative,Review,https://www.webofscience.com/api/gateway?GWVersion=2&SrcApp=wos-lit-review_kkk&SrcAuth=WosAPI&KeyUT=WOS:000781418900001&DestLinkType=FullRecord&DestApp=WOS_CPL,wos_unmet_care_supplement
WOS:000789820500002,The diagnostic journey of genetically defined neurodevelopmental disorders,"Simon, Juliana; Hyde, Carly; Saravanapandian, Vidya; Wilson, Rujuta; Distefano, Charlotte; Besterman, Aaron; Jeste, Shafali",JOURNAL OF NEURODEVELOPMENTAL DISORDERS,2022,10.1186/s11689-022-09439-9,20,Neurodevelopmental disorders; Genetic testing; Diagnostic journey,Article,https://www.webofscience.com/api/gateway?GWVersion=2&SrcApp=wos-lit-review_kkk&SrcAuth=WosAPI&KeyUT=WOS:000789820500002&DestLinkType=FullRecord&DestApp=WOS_CPL,wos_unmet_care_supplement
WOS:000793742700004,Community-dwelling older adults and their informal carers call for more attention to psychosocial needs - Interview study on unmet care needs in three European countries,"Van Aerschot, Lina; Kadi, Selma; Rodrigues, Ricardo; Hrast, Masa Filipovic; Hlebec, Valentina; Aaltonen, Mari",ARCHIVES OF GERONTOLOGY AND GERIATRICS,2022,10.1016/j.archger.2022.104672,26,Unmet needs; Psychosocial needs; Informal care,Article,https://www.webofscience.com/api/gateway?GWVersion=2&SrcApp=wos-lit-review_kkk&SrcAuth=WosAPI&KeyUT=WOS:000793742700004&DestLinkType=FullRecord&DestApp=WOS_CPL,wos_unmet_care_supplement
WOS:000797805300001,Factors Affecting Length of Inpatient Forensic Stay: Retrospective Study From Czechia,"Pav, Marek; Vnukova, Martina; Sebalo, Ivan",FRONTIERS IN PSYCHIATRY,2022,10.3389/fpsyt.2022.825615,18,forensic treatment; length of stay; psychosocial needs; HoNOS; HoNOS secure; unmet needs for care,Article,https://www.webofscience.com/api/gateway?GWVersion=2&SrcApp=wos-lit-review_kkk&SrcAuth=WosAPI&KeyUT=WOS:000797805300001&DestLinkType=FullRecord&DestApp=WOS_CPL,wos_unmet_care_supplement
WOS:000800583200001,Barriers to older Pacific peoples' participation in the health-care system in Aotearoa New Zealand,"Neville, Stephen; Wrapson, Wendy; Savila, Faasisila; Napier, Sara; Paterson, Janis; Dewes, Ofa; Soon, Hoy Neng Wong; Tautolo, El-Shadan",JOURNAL OF PRIMARY HEALTH CARE,2022,10.1071/HC21146,12,CALD (Culturally and linguistically diverse); co-researchers; Gerontology; health equity; health-care access; healthy ageing; older people; participatory action research,Article,https://www.webofscience.com/api/gateway?GWVersion=2&SrcApp=wos-lit-review_kkk&SrcAuth=WosAPI&KeyUT=WOS:000800583200001&DestLinkType=FullRecord&DestApp=WOS_CPL,wos_unmet_care_supplement
WOS:000802921800007,Care Received and Unmet Care Needs Among Older Parents in Biological and Step Families,"Patterson, Sarah E.; Schoeni, Robert F.; Freedman, Vicki A.; Seltzer, Judith A.",JOURNALS OF GERONTOLOGY SERIES B-PSYCHOLOGICAL SCIENCES AND SOCIAL SCIENCES,2022,10.1093/geronb/gbab178,26,Adult children; Caregiving; Family structure; Parents; Step families,Article,https://www.webofscience.com/api/gateway?GWVersion=2&SrcApp=wos-lit-review_kkk&SrcAuth=WosAPI&KeyUT=WOS:000802921800007&DestLinkType=FullRecord&DestApp=WOS_CPL,wos_unmet_care_supplement
WOS:000802921800008,Examining Consequences Related to Unmet Care Needs Across the Long-Term Care Continuum,"Morales, Meghan Jenkins; Robert, Stephanie A.",JOURNALS OF GERONTOLOGY SERIES B-PSYCHOLOGICAL SCIENCES AND SOCIAL SCIENCES,2022,10.1093/geronb/gbab210,13,Caregiving; Formal care; Long-term services and supports; Residential care,Article,https://www.webofscience.com/api/gateway?GWVersion=2&SrcApp=wos-lit-review_kkk&SrcAuth=WosAPI&KeyUT=WOS:000802921800008&DestLinkType=FullRecord&DestApp=WOS_CPL,wos_unmet_care_supplement
WOS:000799744700001,The use of out-of-hours primary care during the first year of the COVID-19 pandemic,"Ramerman, Lotte; Rijpkema, Corinne; Bos, Nanne; Flinterman, Linda E.; Verheij, Robert A.",BMC HEALTH SERVICES RESEARCH,2022,10.1186/s12913-022-08096-x,15,After-hours care; Primary health care; COVID-19; Health services; Electronic health records,Article,https://www.webofscience.com/api/gateway?GWVersion=2&SrcApp=wos-lit-review_kkk&SrcAuth=WosAPI&KeyUT=WOS:000799744700001&DestLinkType=FullRecord&DestApp=WOS_CPL,wos_unmet_care_supplement
WOS:000807994500010,Care poverty among older adults in East Asia: A comparison of unmet care needs between China and Taiwan,"Hu, Bo; Chou, Yueh-Ching",ARCHIVES OF GERONTOLOGY AND GERIATRICS,2022,10.1016/j.archger.2022.104738,13,Welfare state; Long -term care; Unmet need; Care poverty; Andersen ?s behavior model; Comparative study; East Asia,Article,https://www.webofscience.com/api/gateway?GWVersion=2&SrcApp=wos-lit-review_kkk&SrcAuth=WosAPI&KeyUT=WOS:000807994500010&DestLinkType=FullRecord&DestApp=WOS_CPL,wos_unmet_care_supplement
WOS:000810926100001,Unmet Needs in Patients With Heart Failure: The Importance of Palliative Care in a Heart Failure Clinic,"Gonzalez-Jaramillo, Valentina; Maessen, Maud; Luethi, Nora; Guyer, Jelena; Hunziker, Lukas; Eychmuller, Steffen; Zambrano, Sofia C.",FRONTIERS IN CARDIOVASCULAR MEDICINE,2022,10.3389/fcvm.2022.866794,14,heart failure; palliative care; patient-centered care; qualitative study; multidisciplinary team; quality of care; care delivery,Article,https://www.webofscience.com/api/gateway?GWVersion=2&SrcApp=wos-lit-review_kkk&SrcAuth=WosAPI&KeyUT=WOS:000810926100001&DestLinkType=FullRecord&DestApp=WOS_CPL,wos_unmet_care_supplement
WOS:000811785700001,Associations Between Use of Paid Help and Care Experiences Among Medicare-Medicaid Enrolled Older Adults With and Without Dementia,"Fabius, Chanee D.; Okoye, Safiyyah M.; Mulcahy, John; Burgdorf, Julia G.; Wolff, Jennifer L.",JOURNALS OF GERONTOLOGY SERIES B-PSYCHOLOGICAL SCIENCES AND SOCIAL SCIENCES,2022,10.1093/geronb/gbac072,14,Cognitive impairment; Home care; Social determinants of health,Article,https://www.webofscience.com/api/gateway?GWVersion=2&SrcApp=wos-lit-review_kkk&SrcAuth=WosAPI&KeyUT=WOS:000811785700001&DestLinkType=FullRecord&DestApp=WOS_CPL,wos_unmet_care_supplement
WOS:000812491300001,"Late effects, long-term problems and unmet needs of cancer survivors","Schmidt, Martina E.; Goldschmidt, Siri; Hermann, Silke; Steindorf, Karen",INTERNATIONAL JOURNAL OF CANCER,2022,10.1002/ijc.34152,113,cancer survivorship; patient-reported outcomes; quality of life; supportive care,Article,https://www.webofscience.com/api/gateway?GWVersion=2&SrcApp=wos-lit-review_kkk&SrcAuth=WosAPI&KeyUT=WOS:000812491300001&DestLinkType=FullRecord&DestApp=WOS_CPL,wos_unmet_care_supplement
WOS:000820531000007,Experiences and Needs of Families Caring for Children and Adolescents With Chronic Kidney Disease: A meta-Synthesis,"Wee, Li Xuan; Tan, Pamela Shu Teng; Chen, Hui-Chen",JOURNAL OF PEDIATRIC NURSING-NURSING CARE OF CHILDREN & FAMILIES,2022,10.1016/j.pedn.2021.12.028,17,Child; Chronic kidney disease; Coping; Experience; Family; Needs,Article,https://www.webofscience.com/api/gateway?GWVersion=2&SrcApp=wos-lit-review_kkk&SrcAuth=WosAPI&KeyUT=WOS:000820531000007&DestLinkType=FullRecord&DestApp=WOS_CPL,wos_unmet_care_supplement
WOS:000826763300001,Socioeconomic inequality of long-term care for older people with and without dementia in England,"Hu, Bo; Read, Sanna; Wittenberg, Raphael; Brimblecombe, Nicola; Rodrigues, Ricardo; Banerjee, Sube; Dixon, Josie; Robinson, Louise; Rehill, Amritpal; Fernandez, Jose-Luis",AGEING & SOCIETY,2024,10.1017/S0144686X22000885,18,socioeconomic inequality; inequity; long-term care; older people; dementia; England,Article,https://www.webofscience.com/api/gateway?GWVersion=2&SrcApp=wos-lit-review_kkk&SrcAuth=WosAPI&KeyUT=WOS:000826763300001&DestLinkType=FullRecord&DestApp=WOS_CPL,wos_unmet_care_supplement
WOS:000823401900002,The relationship between unmet need for home and community-based services and health and community living outcomes,"Chong, Natalie; Akobirshoev, Ilhom; Caldwell, Joseph; Kaye, H. Stephen; Mitra, Monika",DISABILITY AND HEALTH JOURNAL,2022,10.1016/j.dhjo.2021.101222,59,Home and community-based services; Unmet need; Health; Community living,Article,https://www.webofscience.com/api/gateway?GWVersion=2&SrcApp=wos-lit-review_kkk&SrcAuth=WosAPI&KeyUT=WOS:000823401900002&DestLinkType=FullRecord&DestApp=WOS_CPL,wos_unmet_care_supplement
WOS:000838321900001,Relationship between unmet needs for assistance and healthy aging among disabled older adults in China,"Cao, Yang; Feng, Yuxin; Luo, Yaling",FRONTIERS IN PUBLIC HEALTH,2022,10.3389/fpubh.2022.914313,8,unmet needs; health; activities of daily living; cognition; participation,Article,https://www.webofscience.com/api/gateway?GWVersion=2&SrcApp=wos-lit-review_kkk&SrcAuth=WosAPI&KeyUT=WOS:000838321900001&DestLinkType=FullRecord&DestApp=WOS_CPL,wos_unmet_care_supplement
WOS:000838969600001,"COVID-19 and Perceived Changes to Quality of Life, Anxiety, Depression, and Loneliness in Autistic and Other Neurodivergent UK Adults","Capp, Simone J.; Mason, David; Colvert, Emma; Agnew-Blais, Jessica; Happe, Francesca",AUTISM IN ADULTHOOD,2022,10.1089/aut.2021.0078,7,autistic adults; neurodivergence; ADHD; quality of life; mental health; coronavirus,Article,https://www.webofscience.com/api/gateway?GWVersion=2&SrcApp=wos-lit-review_kkk&SrcAuth=WosAPI&KeyUT=WOS:000838969600001&DestLinkType=FullRecord&DestApp=WOS_CPL,wos_unmet_care_supplement
WOS:000838687000001,Care Needs Profiles and Their Association with Caregiver Strain among Community-Dwelling Older Adults with Cognitive Impairment,"Sung, Pildoo; Chan, Angelique Wei-Ming",DEMENTIA AND GERIATRIC COGNITIVE DISORDERS,2022,10.1159/000525999,5,Care need profiles; Cognitive impairment; Caregiver strain; Latent class analysis; Singapore,Article,https://www.webofscience.com/api/gateway?GWVersion=2&SrcApp=wos-lit-review_kkk&SrcAuth=WosAPI&KeyUT=WOS:000838687000001&DestLinkType=FullRecord&DestApp=WOS_CPL,wos_unmet_care_supplement
WOS:001096146600010,Generation of Cascades of Care for Diabetes and Hypertension Care Continuum in Cambodia: Protocol for a Population-Based Survey Protocol,"Te, Vannarath; Wouters, Edwin; Buffel, Veerle; Van Damme, Wim; van Olmen, Josefien; Ir, Por",JMIR RESEARCH PROTOCOLS,2022,10.2196/36747,5,diabetes; hypertension; cascade of care; implementation research; care models; population-based survey; continuum of care,Article,https://www.webofscience.com/api/gateway?GWVersion=2&SrcApp=wos-lit-review_kkk&SrcAuth=WosAPI&KeyUT=WOS:001096146600010&DestLinkType=FullRecord&DestApp=WOS_CPL,wos_unmet_care_supplement
WOS:000851146000001,Study on the Measurement and Influencing Factors of Care Service Demand of Disabled Elderly in Urban and Rural China,"Jiang, Haixia; Xiao, Suhua; Hu, Hongwei; He, Haotian",INTERNATIONAL JOURNAL OF ENVIRONMENTAL RESEARCH AND PUBLIC HEALTH,2022,10.3390/ijerph191711112,26,population aging; urban and rural disability elderly; disadvantaged families; care service demand; MIMIC structural equation model,Article,https://www.webofscience.com/api/gateway?GWVersion=2&SrcApp=wos-lit-review_kkk&SrcAuth=WosAPI&KeyUT=WOS:000851146000001&DestLinkType=FullRecord&DestApp=WOS_CPL,wos_unmet_care_supplement
WOS:000854407700001,Telehealth for geriatric post-emergency department visits to promote age-friendly care,"McQuown, Colleen M.; Snell, Kristina T.; Abbate, Lauren M.; Jetter, Ethan M.; Blatnik, Jennifer K.; Ragsdale, Luna C.",HEALTH SERVICES RESEARCH,2023,10.1111/1475-6773.14058,22,caregivers; emergency medicine; geriatrics; house calls; military personnel; telemedicine; veterans,Article,https://www.webofscience.com/api/gateway?GWVersion=2&SrcApp=wos-lit-review_kkk&SrcAuth=WosAPI&KeyUT=WOS:000854407700001&DestLinkType=FullRecord&DestApp=WOS_CPL,wos_unmet_care_supplement
WOS:000858486500001,Self-reported needs of people living with psychotic disorders: Results from the Australian national psychosis survey,"Migliorini, Christine; Fossey, Ellie; Harvey, Carol",FRONTIERS IN PSYCHIATRY,2022,10.3389/fpsyt.2022.1013919,8,needs assessment; psychotic disorders; health systems-community; planning-community health; outcome and process assessment; patient preference; delivery of health care,Article,https://www.webofscience.com/api/gateway?GWVersion=2&SrcApp=wos-lit-review_kkk&SrcAuth=WosAPI&KeyUT=WOS:000858486500001&DestLinkType=FullRecord&DestApp=WOS_CPL,wos_unmet_care_supplement
WOS:000881180100001,Unmet Care Needs and Uncertainty in Patients Newly Diagnosed with Breast Cancer,"Chen, Li-Wei; Chou, Hsu-Huan; Wang, Shih-Yung; Shih, Whei-Mei",HEALTHCARE,2022,10.3390/healthcare10112148,12,breast cancer; unmet care needs; uncertainty,Article,https://www.webofscience.com/api/gateway?GWVersion=2&SrcApp=wos-lit-review_kkk&SrcAuth=WosAPI&KeyUT=WOS:000881180100001&DestLinkType=FullRecord&DestApp=WOS_CPL,wos_unmet_care_supplement
WOS:000890533200001,Patterns of Unmet Needs With Assistance for Self-Care Activities at the End of Life by Place of Death Among Older Adults,"Ercin Swearinger, Hazal; Lapham, Jessica",AMERICAN JOURNAL OF HOSPICE & PALLIATIVE MEDICINE,2023,10.1177/10499091221127427,7,end of life; unmet needs; self-care; hospice care; place of death; older adults,Article,https://www.webofscience.com/api/gateway?GWVersion=2&SrcApp=wos-lit-review_kkk&SrcAuth=WosAPI&KeyUT=WOS:000890533200001&DestLinkType=FullRecord&DestApp=WOS_CPL,wos_unmet_care_supplement
WOS:000873567901059,AGE GROUP-SPECIFIC DETERMINANTS OF MENTAL ILLNESS AND UNMET SUPPORT NEEDS AMONG CANADIANS AFTER THE FIRST COVID-19 WAVE,"Stewart, S. Evelyn; Best, John R.; Selles, Robert; Naqqash, Zainab; Lin, Boyee; Westwell-Roper, Clara; Vallani, Tanisha; Ewing, Elise; Samji, Hasina",JOURNAL OF THE AMERICAN ACADEMY OF CHILD AND ADOLESCENT PSYCHIATRY,2022,10.1016/j.jaac.2022.09.213,0,,Abstract,https://www.webofscience.com/api/gateway?GWVersion=2&SrcApp=wos-lit-review_kkk&SrcAuth=WosAPI&KeyUT=WOS:000873567901059&DestLinkType=FullRecord&DestApp=WOS_CPL,wos_unmet_care_supplement
WOS:000896202500001,Perceived Support Needs of School-Aged Young People on the Autism Spectrum and Their Caregivers,"Evans, Kiah; Whitehouse, Andrew J. O.; D'Arcy, Emily; Hayden-Evans, Maya; Wallace, Kerry; Kuzminski, Rebecca; Thorpe, Rebecca; Girdler, Sonya; Milbourn, Benjamin; Bolte, Sven; Chamberlain, Angela",INTERNATIONAL JOURNAL OF ENVIRONMENTAL RESEARCH AND PUBLIC HEALTH,2022,10.3390/ijerph192315605,10,Autism Spectrum Disorder; assessment; diagnosis; goal setting; intervention planning; support needs,Article,https://www.webofscience.com/api/gateway?GWVersion=2&SrcApp=wos-lit-review_kkk&SrcAuth=WosAPI&KeyUT=WOS:000896202500001&DestLinkType=FullRecord&DestApp=WOS_CPL,wos_unmet_care_supplement
WOS:001410340600039,Study protocol: Type III hybrid effectiveness-implementation study implementing Age-Friendly evidence-based practices in the VA to improve outcomes in older adults,"Piazza, Kirstin Manges; Ashcraft, Laura Ellen; Rose, Liam; Hall, Daniel E.; Brown, Rebecca T.; Bowen, Mary Elizabeth (Libbey); Mavandadi, Shahrzad; Brecher, Alison C.; Keddem, Shimrit; Kiosian, Bruce; Long, Judith A.; Werner, Rachel M.; Burke, Robert E.",IMPLEMENTATION SCIENCE COMMUNICATIONS,2023,10.1186/s43058-023-00431-5,15,Implementation science; Veterans Health Administration; Veterans; Age-friendly; Geriatrics; Age-friendly healthcare system,Article,https://www.webofscience.com/api/gateway?GWVersion=2&SrcApp=wos-lit-review_kkk&SrcAuth=WosAPI&KeyUT=WOS:001410340600039&DestLinkType=FullRecord&DestApp=WOS_CPL,wos_unmet_care_supplement
WOS:000895844000001,'How shall we handle this situation?' Social workers' discussions about risks during the COVID-19 pandemic in Swedish elder care,"Osterholm, Johannes; Olaison, Anna; Larsson, Annika Taghizadeh",HEALTH RISK & SOCIETY,2023,10.1080/13698575.2022.2154323,6,Case conferences; Case talk; COVID-19; Risk management; Social work,Article,https://www.webofscience.com/api/gateway?GWVersion=2&SrcApp=wos-lit-review_kkk&SrcAuth=WosAPI&KeyUT=WOS:000895844000001&DestLinkType=FullRecord&DestApp=WOS_CPL,wos_unmet_care_supplement
WOS:000899231000003,Artificial intelligence in elderly healthcare: A scoping review,"Ma, Bingxin; Yang, Jin; Wong, Frances Kam Yuet; Wong, Arkers Kwan Ching; Ma, Tingting; Meng, Jianan; Zhao, Yue; Wang, Yaogang; Lu, Qi",AGEING RESEARCH REVIEWS,2023,10.1016/j.arr.2022.101808,112,Artificial intelligence; Elderly healthcare; Scoping review,Review,https://www.webofscience.com/api/gateway?GWVersion=2&SrcApp=wos-lit-review_kkk&SrcAuth=WosAPI&KeyUT=WOS:000899231000003&DestLinkType=FullRecord&DestApp=WOS_CPL,wos_unmet_care_supplement
WOS:000831001500001,Gender differences in access to community-based care: a longitudinal analysis of widowhood and living arrangements,"Ilinca, Stefania; Rodrigues, Ricardo; Fors, Stefan; Zolyomi, Eszter; Jull, Janet; Rehnberg, Johan; Vafaei, Afshin; Phillips, Susan",EUROPEAN JOURNAL OF AGEING,2022,10.1007/s10433-022-00717-y,9,Long-term care; Bereavement; Informal caregiving; Europe; REWB models,Article,https://www.webofscience.com/api/gateway?GWVersion=2&SrcApp=wos-lit-review_kkk&SrcAuth=WosAPI&KeyUT=WOS:000831001500001&DestLinkType=FullRecord&DestApp=WOS_CPL,wos_unmet_care_supplement
WOS:000912202800001,Patient Preferences in the Management of Hidradenitis Suppurativa: Results of a Multinational Discrete Choice Experiment in Europe,"Willems, Damon; Hinzpeter, Eva-Lotta; Van der Zee, Hessel H.; Sayed, Christopher J.; Ingram, John R.; Beaudart, Charlotte; Evers, Silvia M. A. A.; Hiligsmann, Mickael",PATIENT-PATIENT CENTERED OUTCOMES RESEARCH,2023,10.1007/s40271-022-00614-7,16,,Article,https://www.webofscience.com/api/gateway?GWVersion=2&SrcApp=wos-lit-review_kkk&SrcAuth=WosAPI&KeyUT=WOS:000912202800001&DestLinkType=FullRecord&DestApp=WOS_CPL,wos_unmet_care_supplement
WOS:000839511100001,Unmet Needs and Associated Factors among Community-living Older People with Disability in China: 2005-2014,"Cao, Yang; Feng, Zhanlian; Mor, Vincent; Du, Peng",JOURNAL OF AGING & SOCIAL POLICY,2023,10.1080/08959420.2022.2110806,11,Unmet need; under-met need; completely unmet need; disability; elderly; China,Article,https://www.webofscience.com/api/gateway?GWVersion=2&SrcApp=wos-lit-review_kkk&SrcAuth=WosAPI&KeyUT=WOS:000839511100001&DestLinkType=FullRecord&DestApp=WOS_CPL,wos_unmet_care_supplement
WOS:000917604700001,Continuous voluntary community care services for older people in China: Evidence from Wuhu,"Xin, Ying; An, Jianzeng; Xu, Jia",FRONTIERS IN PUBLIC HEALTH,2023,10.3389/fpubh.2022.1063156,6,community; care service; older people; volunteerism; China,Article,https://www.webofscience.com/api/gateway?GWVersion=2&SrcApp=wos-lit-review_kkk&SrcAuth=WosAPI&KeyUT=WOS:000917604700001&DestLinkType=FullRecord&DestApp=WOS_CPL,wos_unmet_care_supplement
WOS:000923752200004,"Met and Unmet Needs of Older Adults With Cognitive Impairment, and Burden and Benefits of Their Family Caregivers","Sung, Pildoo; Hashim, Nawal; Malhotra, Rahul; Chan, Angelique",ALZHEIMER DISEASE & ASSOCIATED DISORDERS,2022,10.1097/WAD.0000000000000529,5,cognitive impairment; met needs; unmet needs; caregiving burden; caregiving benefits,Article,https://www.webofscience.com/api/gateway?GWVersion=2&SrcApp=wos-lit-review_kkk&SrcAuth=WosAPI&KeyUT=WOS:000923752200004&DestLinkType=FullRecord&DestApp=WOS_CPL,wos_unmet_care_supplement
WOS:000964923000002,Determinants of e-Mental Health Use During COVID-19: Cross-sectional Canadian Study,"Yu, Ellie; Xu, Bowen; Sequeira, Lydia",JOURNAL OF MEDICAL INTERNET RESEARCH,2022,10.2196/39662,9,digital health; mental health; e-Mental health; user profile; determinants; health service; use; utilization; COVID-19; pandemic; Canada; users; factors,Article,https://www.webofscience.com/api/gateway?GWVersion=2&SrcApp=wos-lit-review_kkk&SrcAuth=WosAPI&KeyUT=WOS:000964923000002&DestLinkType=FullRecord&DestApp=WOS_CPL,wos_unmet_care_supplement
WOS:000978516700001,Cared and uncared populations: understanding unmet care needs of older adults (65+) across different social care systems in Europe,"Calderon-Jaramillo, Mariana; Zueras, Pilar",EUROPEAN JOURNAL OF AGEING,2023,10.1007/s10433-023-00760-3,16,Social care systems; Ageing; Unmet care needs; Care provision; Europe,Article,https://www.webofscience.com/api/gateway?GWVersion=2&SrcApp=wos-lit-review_kkk&SrcAuth=WosAPI&KeyUT=WOS:000978516700001&DestLinkType=FullRecord&DestApp=WOS_CPL,wos_unmet_care_supplement
WOS:000991034800001,Identifying facilitators and barriers to integrated and equitable care for community-dwelling older adults with high emergency department use from historically marginalized groups,"MacLeod, Krystal Kehoe; Flores, Karyle Nama; Chandra, Kavish",INTERNATIONAL JOURNAL FOR EQUITY IN HEALTH,2023,10.1186/s12939-023-01900-y,6,Emergency department avoidance; Frequent users; Health services accessibility; Mixed methods; Older adults; Unmet care needs,Article,https://www.webofscience.com/api/gateway?GWVersion=2&SrcApp=wos-lit-review_kkk&SrcAuth=WosAPI&KeyUT=WOS:000991034800001&DestLinkType=FullRecord&DestApp=WOS_CPL,wos_unmet_care_supplement
WOS:000990950300001,The impact of home and community care services pilot program on healthy aging: A difference-in-difference with propensity score matching analysis from China,"Su, Qing; Wang, Hang; Fan, Lijun",ARCHIVES OF GERONTOLOGY AND GERIATRICS,2023,10.1016/j.archger.2023.104970,30,Older adults; China; Home and community care services; Healthy aging,Article,https://www.webofscience.com/api/gateway?GWVersion=2&SrcApp=wos-lit-review_kkk&SrcAuth=WosAPI&KeyUT=WOS:000990950300001&DestLinkType=FullRecord&DestApp=WOS_CPL,wos_unmet_care_supplement
WOS:000970519000049,The Trauma Dyad: The Role of Informal Caregivers for Older Adults After Traumatic Injury,"Sokas, Claire M.; Bollens-Lund, Evan; Husain, Mohammed; Ornstein, Katherine A.; Kelly, Masami T.; Sheu, Christina; Kerr, Emma; Jarman, Molly; Salim, Ali; Kelley, Amy S.; Cooper, Zara",ANNALS OF SURGERY,2023,10.1097/SLA.0000000000005200,7,caregiving; family; informal caregivers; older adults; trauma,Article,https://www.webofscience.com/api/gateway?GWVersion=2&SrcApp=wos-lit-review_kkk&SrcAuth=WosAPI&KeyUT=WOS:000970519000049&DestLinkType=FullRecord&DestApp=WOS_CPL,wos_unmet_care_supplement
WOS:000993310700001,Meeting the need for post-stroke vision care in Australia: a scoping narrative review of current practice,"Sorbello, Shanelle; Rose, Kathryn; French, Amanda; Rowe, Fiona; Lau, Sonia",DISABILITY AND REHABILITATION,2024,10.1080/09638288.2023.2214743,1,Stroke; vision rehabilitation; Australian healthcare; care pathways; visual impairment,Review,https://www.webofscience.com/api/gateway?GWVersion=2&SrcApp=wos-lit-review_kkk&SrcAuth=WosAPI&KeyUT=WOS:000993310700001&DestLinkType=FullRecord&DestApp=WOS_CPL,wos_unmet_care_supplement
WOS:000994548900001,Inequities in Mental Health Care Facing Racialized Immigrant Older Adults With Mental Disorders Despite Universal Coverage: A Population-Based Study in Canada,"Lin, Shen (Lamson)",JOURNALS OF GERONTOLOGY SERIES B-PSYCHOLOGICAL SCIENCES AND SOCIAL SCIENCES,2023,10.1093/geronb/gbad036,8,Geriatric psychiatry; Machine learning; Mental health treatment; Migration; Minority aging,Article; Early Access,https://www.webofscience.com/api/gateway?GWVersion=2&SrcApp=wos-lit-review_kkk&SrcAuth=WosAPI&KeyUT=WOS:000994548900001&DestLinkType=FullRecord&DestApp=WOS_CPL,wos_unmet_care_supplement
WOS:001016006600001,The relationships between informal and formal social care for older people in England: A comparison before and after the Care Act 2014,"Lyu, Jae Yeon; Hu, Bo; Wittenberg, Raphael; King, Derek",JOURNAL OF AGING & SOCIAL POLICY,2024,10.1080/08959420.2023.2226308,12,Care Act 2014; England; formal care; informal care; social care; substitution effects,Article,https://www.webofscience.com/api/gateway?GWVersion=2&SrcApp=wos-lit-review_kkk&SrcAuth=WosAPI&KeyUT=WOS:001016006600001&DestLinkType=FullRecord&DestApp=WOS_CPL,wos_unmet_care_supplement
WOS:001021423200007,"Care poverty among older adults in East Asia: A comparison of unmet care needs between China and Taiwan (vol 102, 104738, 2022)","Hu, Bo; Chou, Yueh-Ching",ARCHIVES OF GERONTOLOGY AND GERIATRICS,2022,10.1016/j.archger.2022.104744,1,,Correction,https://www.webofscience.com/api/gateway?GWVersion=2&SrcApp=wos-lit-review_kkk&SrcAuth=WosAPI&KeyUT=WOS:001021423200007&DestLinkType=FullRecord&DestApp=WOS_CPL,wos_unmet_care_supplement
WOS:001028280500001,Breast Cancer Survivors' Attitudes toward eMental Health: A Cross-Sectional Study,"Mendes-Santos, Cristina; Campos, Teresa; Ferreira, Diana; Weiderpass, Elisabete; Santana, Rui; Andersson, Gerhard",HEALTHCARE,2023,10.3390/healthcare11131920,2,attitudes; breast cancer; eMental Health; Portugal; EU,Article,https://www.webofscience.com/api/gateway?GWVersion=2&SrcApp=wos-lit-review_kkk&SrcAuth=WosAPI&KeyUT=WOS:001028280500001&DestLinkType=FullRecord&DestApp=WOS_CPL,wos_unmet_care_supplement
WOS:001676312500001,"Race/Ethnicity, Nativity, and Gender Disparities in Unmet Care Needs Among Older Adults in the United States","Lin, Zhiyong; Liu, Hui",GERONTOLOGIST,2023,10.1093/geront/gnad094,26,Health disparities; Intersectionality; Long-term care; Minority aging,Article,https://www.webofscience.com/api/gateway?GWVersion=2&SrcApp=wos-lit-review_kkk&SrcAuth=WosAPI&KeyUT=WOS:001676312500001&DestLinkType=FullRecord&DestApp=WOS_CPL,wos_unmet_care_supplement
WOS:001034340900002,Association between home and community-based services and depressive symptoms in Chinese older adults: a multilevel analysis,"Xu, Tingke; Huang, Zishuo; Huang, Yucheng; Wang, Shanshan; Zhang, Xinxin; Hu, Yaqi; Zhu, Yue; Cheng, Dayi; Fu, Yating; Zhang, Xiangyang; Chen, Chun",BMC PUBLIC HEALTH,2023,10.1186/s12889-023-16008-9,13,Depressive symptoms; Home and community-based services; Generalized hierarchical linear models; Older adults,Article,https://www.webofscience.com/api/gateway?GWVersion=2&SrcApp=wos-lit-review_kkk&SrcAuth=WosAPI&KeyUT=WOS:001034340900002&DestLinkType=FullRecord&DestApp=WOS_CPL,wos_unmet_care_supplement
WOS:001041825000004,Perceived need for care and stigma experiences among individuals with methamphetamine-related admissions to inpatient mental health wards,"Wilson, Lochlan; Karnik, Niketa; Wong, Jacquelyne Y.; Barchet, Lyra; Sareen, Jitender; Jwely, Ahmed; Nickel, Nathan; Konrad, Geoffrey; Nepon, Joshua; Bolton, James M.",HARM REDUCTION JOURNAL,2023,10.1186/s12954-023-00827-5,4,Methamphetamine; Canada; Perceived need; Stigma,Article,https://www.webofscience.com/api/gateway?GWVersion=2&SrcApp=wos-lit-review_kkk&SrcAuth=WosAPI&KeyUT=WOS:001041825000004&DestLinkType=FullRecord&DestApp=WOS_CPL,wos_unmet_care_supplement
WOS:001051734600014,"Diabetic control and compliance using glycated haemoglobin (HbA1C) testing guidelines in public healthcare facilities of Gauteng province, South Africa","Kone, Ngalulawa; Cassim, Naseem; Maposa, Innocent; George, Jaya Anna",PLOS ONE,2023,10.1371/journal.pone.0278789,5,,Article,https://www.webofscience.com/api/gateway?GWVersion=2&SrcApp=wos-lit-review_kkk&SrcAuth=WosAPI&KeyUT=WOS:001051734600014&DestLinkType=FullRecord&DestApp=WOS_CPL,wos_unmet_care_supplement
WOS:001063073500001,"Changes in unmet care needs, social support and distress from initial diagnosis to post-surgery in patients with gynecological cancer: A longitudinal study","Adamakidou, Theodoula; Menti, Konstantina; Charalambous, Andreas; Tsiou, Chrysoula; Vlachou, Eugenia; Govina, Ourania",EUROPEAN JOURNAL OF ONCOLOGY NURSING,2023,10.1016/j.ejon.2023.102358,9,Anxiety; Distress; Gynecological cancer; Longitudinal study; Needs assessment; Newly diagnosed patient; Nursing care; Social support,Article,https://www.webofscience.com/api/gateway?GWVersion=2&SrcApp=wos-lit-review_kkk&SrcAuth=WosAPI&KeyUT=WOS:001063073500001&DestLinkType=FullRecord&DestApp=WOS_CPL,wos_unmet_care_supplement
WOS:001063292300001,Scale Validation of the Mandarin-Language Supportive Care Needs Survey-Adolescent Form,"Wu, Wei-Wen; Tang, Chia-Chun; Jou, Shiann-Tang; Hung, Giun-Yi",SEMINARS IN ONCOLOGY NURSING,2023,10.1016/j.soncn.2023.151442,0,Adolescents; Care need; Nursing care; Oncologic care; Scale development,Article,https://www.webofscience.com/api/gateway?GWVersion=2&SrcApp=wos-lit-review_kkk&SrcAuth=WosAPI&KeyUT=WOS:001063292300001&DestLinkType=FullRecord&DestApp=WOS_CPL,wos_unmet_care_supplement
WOS:001074726700001,Care experiences and care expectations of hospitalized high-risk pregnant women: a qualitative study,"Edis, Elif Keten; Kurtgoz, Asli",WOMEN & HEALTH,2023,10.1080/03630242.2023.2262614,1,High-risk; nursing care; pregnancy; pregnant women; qualitative research,Article,https://www.webofscience.com/api/gateway?GWVersion=2&SrcApp=wos-lit-review_kkk&SrcAuth=WosAPI&KeyUT=WOS:001074726700001&DestLinkType=FullRecord&DestApp=WOS_CPL,wos_unmet_care_supplement
WOS:001080717600001,Trajectories of Disability and Long-Term Care Utilization After Acute Health Events,"Goncalves, Judite; Filipe, Luis; Van Houtven, Courtney H.",JOURNAL OF AGING & SOCIAL POLICY,2025,10.1080/08959420.2023.2267399,11,Event study; formal home care; health shock; informal care; limitations in activities of daily living; nursing home care; unmet need,Article,https://www.webofscience.com/api/gateway?GWVersion=2&SrcApp=wos-lit-review_kkk&SrcAuth=WosAPI&KeyUT=WOS:001080717600001&DestLinkType=FullRecord&DestApp=WOS_CPL,wos_unmet_care_supplement
WOS:001693589300001,Back to normal? The health care situation of home care receivers across Europe during the COVID-19 pandemic and its implications on health,"Bergmann, Michael; Wagner, Melanie",PLOS ONE,2023,10.1371/journal.pone.0287158,2,,Article,https://www.webofscience.com/api/gateway?GWVersion=2&SrcApp=wos-lit-review_kkk&SrcAuth=WosAPI&KeyUT=WOS:001693589300001&DestLinkType=FullRecord&DestApp=WOS_CPL,wos_unmet_care_supplement
WOS:001082912200001,Unmet needs for care for activities of daily living among older adults with functional disabilities in Vietnam,"Phi, Phong Manh; Giang, Long Thanh; Pham, Tham Thi Hong",FRONTIERS IN PUBLIC HEALTH,2023,10.3389/fpubh.2023.1216785,6,activities of daily living (ADLs); aging; care; older persons; unmet needs; Vietnam,Article,https://www.webofscience.com/api/gateway?GWVersion=2&SrcApp=wos-lit-review_kkk&SrcAuth=WosAPI&KeyUT=WOS:001082912200001&DestLinkType=FullRecord&DestApp=WOS_CPL,wos_unmet_care_supplement
WOS:001115397100001,Changes in Children's Health Care Access and Utilization in the United States in the First 2 Years of the COVID-19 Pandemic,"Lyu, Wei; Wehby, George L.",ACADEMIC PEDIATRICS,2023,10.1016/j.acap.2023.07.007,10,access to care; COVID-19 pandemic; health care utilization,Article,https://www.webofscience.com/api/gateway?GWVersion=2&SrcApp=wos-lit-review_kkk&SrcAuth=WosAPI&KeyUT=WOS:001115397100001&DestLinkType=FullRecord&DestApp=WOS_CPL,wos_unmet_care_supplement
WOS:001105145900001,'Challenging' doesn't sum it up: Exploring probation practitioners' experiences managing high-risk individuals during the COVID-19 pandemic,"Blinkhorn, Victoria; Petalas, Michael; O'Siochru, Cathal; Mcguirk, Lisa-Jo",EUROPEAN JOURNAL OF PROBATION,2023,10.1177/20662203231216662,1,COVID-19; probation service; consultation,Article,https://www.webofscience.com/api/gateway?GWVersion=2&SrcApp=wos-lit-review_kkk&SrcAuth=WosAPI&KeyUT=WOS:001105145900001&DestLinkType=FullRecord&DestApp=WOS_CPL,wos_unmet_care_supplement
WOS:001131665300001,"To understand the experiences, needs, and preferences for supportive care, among children and adolescents (0-19 years) diagnosed with cancer: a systematic review of qualitative studies","Paterson, C.; Kavanagh, P. S.; Bacon, R.; Turner, M.; Moore, M.; Barratt, M.; Chau, M.",JOURNAL OF CANCER SURVIVORSHIP,2025,10.1007/s11764-023-01508-9,14,Children; Adolescents; Systematic review; Qualitative; Supportive care; Survivorship,Review,https://www.webofscience.com/api/gateway?GWVersion=2&SrcApp=wos-lit-review_kkk&SrcAuth=WosAPI&KeyUT=WOS:001131665300001&DestLinkType=FullRecord&DestApp=WOS_CPL,wos_unmet_care_supplement
WOS:001114274100001,"Association of Medicaid expansion with health insurance, unmet need for medical care and substance use disorder treatment among people who inject drugs in 13 US states","Cooper, Hannah; Beane, Stephanie; Yarbrough, Courtney; Haardorfer, Regine; Ibragimov, Umed; Haley, Danielle; Linton, Sabriya; Beletsky, Leo; Landes, Sarah; Lewis, Rashunda; Peddireddy, Snigdha; Sionean, Catlainn; Cummings, Janet",ADDICTION,2024,10.1111/add.16383,10,Healthcare use; Medicaid expansion; National HIV Behavioral Surveillance; overdose; people who inject drugs; substance use disorder treatment,Article,https://www.webofscience.com/api/gateway?GWVersion=2&SrcApp=wos-lit-review_kkk&SrcAuth=WosAPI&KeyUT=WOS:001114274100001&DestLinkType=FullRecord&DestApp=WOS_CPL,wos_unmet_care_supplement
WOS:001133058900001,Care needs assessment of older adults with dementia in a semi-rural district in Vietnam: A community-based cross-sectional study,"Nguyen, Anh Ngoc; Nguyen, Binh Thanh; Nguyen, Binh Thanh; Nguyen, Binh Thi Thanh; Nguyen, Nguyet Thi Anh; Dang, Nhung Thi Kim; Nguyen, Anh Thi Phuong; Nguyen, Anh Trung; Pham, Thang; Mantyh, William Guntars; Tran, Duyen; Le, Oanh Thi Phuong; Park, Van My Ta",PSYCHOGERIATRICS,2024,10.1111/psyg.13068,6,CANE; care needs; caregivers; dementia; developing countries; Vietnam,Article,https://www.webofscience.com/api/gateway?GWVersion=2&SrcApp=wos-lit-review_kkk&SrcAuth=WosAPI&KeyUT=WOS:001133058900001&DestLinkType=FullRecord&DestApp=WOS_CPL,wos_unmet_care_supplement
WOS:001104600200014,Effective service coverage of long-term care among older persons in South Korea,"Leigh, Ja-Ho; Lee, Hyejin; Yoon, Jaehong; Han, Eun-Jeong; Park, Eunok; Jung, Tong Ryoung; Thiyagarajan, Jotheeswaran Amuthavalli; Han, Zee-A",AGE AND AGEING,2023,10.1093/ageing/afad120,10,long-term care; activities of daily living; global trends; medical aid; older people,Article,https://www.webofscience.com/api/gateway?GWVersion=2&SrcApp=wos-lit-review_kkk&SrcAuth=WosAPI&KeyUT=WOS:001104600200014&DestLinkType=FullRecord&DestApp=WOS_CPL,wos_unmet_care_supplement
WOS:001135229500001,State home and community-based services expenditures and unmet care needs in the United States: Has everyone benefitted equally?,"Yang, Yulin; Lee, Ah-Reum; Rapp, Thomas; Chen, Ruijia; Glymour, M. Maria; Torres, Jacqueline M.",HEALTH SERVICES RESEARCH,2024,10.1111/1475-6773.14269,11,aging/elderly/geriatrics; long term care; Medicaid; social determinants of health,Article,https://www.webofscience.com/api/gateway?GWVersion=2&SrcApp=wos-lit-review_kkk&SrcAuth=WosAPI&KeyUT=WOS:001135229500001&DestLinkType=FullRecord&DestApp=WOS_CPL,wos_unmet_care_supplement
WOS:001141253100001,"Head Injury Due to Intimate Partner Violence: Injury Characteristics, Subacute Symptoms, and Receipt of Care","Karr, Justin E.; Leong, Sharon E.; Logan, T. K.",JOURNAL OF NEUROTRAUMA,2024,10.1089/neu.2023.0194,18,brain concussion; brain injuries; craniocerebral trauma; intimate partner violence; post-concussion syndrome,Article,https://www.webofscience.com/api/gateway?GWVersion=2&SrcApp=wos-lit-review_kkk&SrcAuth=WosAPI&KeyUT=WOS:001141253100001&DestLinkType=FullRecord&DestApp=WOS_CPL,wos_unmet_care_supplement
WOS:001130389200005,The Role of Place in Person- and Family-Oriented Long-Term Services and Supports,"Fabius, Chanee D.; Okoye, Safiyyah M.; Wu, Mingche M. J.; Jopson, Andrew D.; Chyr, Linda C.; Burgdorf, Julia G.; Ballreich, Jeromie; Scerpella, Danny; Wolff, Jennifer L.",MILBANK QUARTERLY,2023,10.1111/1468-0009.12664,8,social determinants of health; long-term services and supports; disparities; caregiving; aging policy; aging,Article,https://www.webofscience.com/api/gateway?GWVersion=2&SrcApp=wos-lit-review_kkk&SrcAuth=WosAPI&KeyUT=WOS:001130389200005&DestLinkType=FullRecord&DestApp=WOS_CPL,wos_unmet_care_supplement
WOS:001141280600012,Finding the missing many: improving Tuberculosis care in Kajiado county through active case finding and community approaches,"Morino, Gianfranco; Mulongo, Caleb Mike; Cattaneo, Paolo; De Vita, Maria Vittoria; Paone, Gabriele; Scarlata, Simone; Gobbi, Federico; Kinyita, Salome; Odhiambo, Hillary",BMC PUBLIC HEALTH,2024,10.1186/s12889-023-17631-2,3,GeneXpert; Tuberculosis; Active case finding; Patient-centred Tuberculosis care; Decentralized Tuberculosis care,Article,https://www.webofscience.com/api/gateway?GWVersion=2&SrcApp=wos-lit-review_kkk&SrcAuth=WosAPI&KeyUT=WOS:001141280600012&DestLinkType=FullRecord&DestApp=WOS_CPL,wos_unmet_care_supplement
WOS:001162226000001,Seeking support for abortion online: a qualitative study of women's experiences,"Wilson-Lowe, Rachel Victoria; Purcell, Carrie; Lewis, Ruth; Mcdaid, Lisa",BMJ SEXUAL & REPRODUCTIVE HEALTH,2024,10.1136/bmjsrh-2023-202083,10,"abortion, induced; qualitative research; Reproductive Health Services",Article,https://www.webofscience.com/api/gateway?GWVersion=2&SrcApp=wos-lit-review_kkk&SrcAuth=WosAPI&KeyUT=WOS:001162226000001&DestLinkType=FullRecord&DestApp=WOS_CPL,wos_unmet_care_supplement
WOS:001180189700001,The Consequences of Unmet Needs for Assistance With Daily Life Activities Among Older Adults: A Systematic Review,"Huang, Jing; Qian, Xingxing; Choi, Edmond Pui Hang; Chau, Pui Hing",MEDICAL CARE RESEARCH AND REVIEW,2024,10.1177/10775587241233798,21,unmet needs; insufficient help; long-term care; activities of daily living; instrumental activities of daily living; health consequence,Review,https://www.webofscience.com/api/gateway?GWVersion=2&SrcApp=wos-lit-review_kkk&SrcAuth=WosAPI&KeyUT=WOS:001180189700001&DestLinkType=FullRecord&DestApp=WOS_CPL,wos_unmet_care_supplement
WOS:001174732400001,Unmet Needs for Support in Activities of Daily Living among Older Persons: The Effects of Family and Household Structures in a Low- and Middle-Income Context,"Mobolaji, Jacob Wale",GERIATRICS,2024,10.3390/geriatrics9010005,7,unmet needs; social support; activities of daily living; family/household structure; older person; Nigeria,Article,https://www.webofscience.com/api/gateway?GWVersion=2&SrcApp=wos-lit-review_kkk&SrcAuth=WosAPI&KeyUT=WOS:001174732400001&DestLinkType=FullRecord&DestApp=WOS_CPL,wos_unmet_care_supplement
WOS:001174567100001,Profiles of met and unmet care needs in the oldest-old primary care patients with depression - results of the AgeMooDe study,"Kraake, Sophia; Pabst, Alexander; Wiese, Birgitt; Moor, Lilia; Koenig, Hans-Helmut; Hajek, Andre; Kaduszkiewicz, Hanna; Scherer, Martin; Stark, Anne; Wagner, Michael; Maier, Wolfgang; Werle, Jochen; Weyerer, Siegfried; Riedel-Heller, Steffi G.; Stein, Janine",JOURNAL OF AFFECTIVE DISORDERS,2024,10.1016/j.jad.2024.01.138,0,Camberwell assessment of need for the elderly; (CANE); Need profiles; Depression; Latent class analysis (LCA); Oldest-old population; Health services research,Article,https://www.webofscience.com/api/gateway?GWVersion=2&SrcApp=wos-lit-review_kkk&SrcAuth=WosAPI&KeyUT=WOS:001174567100001&DestLinkType=FullRecord&DestApp=WOS_CPL,wos_unmet_care_supplement
WOS:001186464400001,"Trends in Gender and Racial/Ethnic Disparities in Physical Disability and Social Support Among US Older Adults With Cognitive Impairment Living Alone, 2000-2018","Chen, Shanquan; Zhang, Huanyu; Underwood, Benjamin R.; Wang, Dan; Chen, Xi; Cardinal, Rudolf N.",INNOVATION IN AGING,2023,10.1093/geroni/igad028,7,Cognitive impairment; Gender disparity; Physical disability; Racial/ethnic disparity; Social support,Article,https://www.webofscience.com/api/gateway?GWVersion=2&SrcApp=wos-lit-review_kkk&SrcAuth=WosAPI&KeyUT=WOS:001186464400001&DestLinkType=FullRecord&DestApp=WOS_CPL,wos_unmet_care_supplement
WOS:001188141100004,Self-perceived care needs and quality of life in people with cognitive impairment during routine care at home: cross-sectional results of the interventional study,"Zhang, Juxia; Xu, Xiaoqin; Zhang, Xiaoli; Yin, Yuhuan; Wang, Jiancheng",BMC GERIATRICS,2023,10.1186/s12877-023-03846-w,4,Quality of life; Physical component summary; Mental component summary; Cognitive impairment; Unmet needs,Article,https://www.webofscience.com/api/gateway?GWVersion=2&SrcApp=wos-lit-review_kkk&SrcAuth=WosAPI&KeyUT=WOS:001188141100004&DestLinkType=FullRecord&DestApp=WOS_CPL,wos_unmet_care_supplement
WOS:001178258403059,ASSOCIATIONS OF HOME ENVIRONMENT AND UNMET CARE NEEDS AMONG LOW- AND MODERATE-INCOME OLDER ADULTS,"Okoye, Safiyyah; Samuel, Laura; Fabius, Chanee; Pollack, Craig; Gitlin, Laura; Szanton, Sarah L.; Wolff, Jennifer",INNOVATION IN AGING,2023,,1,,Abstract,https://www.webofscience.com/api/gateway?GWVersion=2&SrcApp=wos-lit-review_kkk&SrcAuth=WosAPI&KeyUT=WOS:001178258403059&DestLinkType=FullRecord&DestApp=WOS_CPL,wos_unmet_care_supplement
WOS:001466451300001,The Impact of Kinlessness on Older Adults with Advanced Heart Failure,"Godfrey, Sarah; Nixon, Jennifer; Drazner, Mark H.; Farr, Maryjane",JOURNAL OF CARDIAC FAILURE,2025,10.1016/j.cardfail.2024.06.012,1,Advanced heart failure; LVAD; transplant; social support; equity; kinlessness,Article,https://www.webofscience.com/api/gateway?GWVersion=2&SrcApp=wos-lit-review_kkk&SrcAuth=WosAPI&KeyUT=WOS:001466451300001&DestLinkType=FullRecord&DestApp=WOS_CPL,wos_unmet_care_supplement
WOS:001197928400001,"Profiles of Permanent Supportive Housing Residents Related to Their Housing Conditions, Service Use, and Associated Sociodemographic and Clinical Characteristics","Fleury, Marie-Josee; Armoon, Bahram",PSYCHIATRIC QUARTERLY,2024,10.1007/s11126-024-10071-0,3,Profile; Permanent supportive housing; Unmet care needs; Service use,Article,https://www.webofscience.com/api/gateway?GWVersion=2&SrcApp=wos-lit-review_kkk&SrcAuth=WosAPI&KeyUT=WOS:001197928400001&DestLinkType=FullRecord&DestApp=WOS_CPL,wos_unmet_care_supplement
WOS:001060853800001,Using decision tree analysis to identify population groups at risk of subjective unmet need for assistance with activities of daily living,"Jaehn, Philipp; Fuegemann, Hella; Goedde, Kathrin; Holmberg, Christine",BMC GERIATRICS,2023,10.1186/s12877-023-04238-w,8,Conditional inference trees; Social care; Vulnerable groups; Resource allocation; Unmet need for assistance; Activities of daily living,Article,https://www.webofscience.com/api/gateway?GWVersion=2&SrcApp=wos-lit-review_kkk&SrcAuth=WosAPI&KeyUT=WOS:001060853800001&DestLinkType=FullRecord&DestApp=WOS_CPL,wos_unmet_care_supplement
WOS:001204669400001,"Disruptions in care among disabled people and older adults during the COVID-19 pandemic: evidence from Ontario, Canada","Lai, Poland",INTERNATIONAL JOURNAL OF CARE AND CARING,2025,10.1332/23978821Y2024D000000033,3,access to care; people with disabilities; elder care; carer,Article,https://www.webofscience.com/api/gateway?GWVersion=2&SrcApp=wos-lit-review_kkk&SrcAuth=WosAPI&KeyUT=WOS:001204669400001&DestLinkType=FullRecord&DestApp=WOS_CPL,wos_unmet_care_supplement
WOS:001203465800011,Understanding the needs and preferences for cancer care among First Nations people: An integrative review,"Paterson, C.; Roberts, C.; Blackburn, J.; Jojo, N.; Northam, H. L.; Wallis, E.; Hind, A.; Caulfield, R.; Barratt, M.; Toohey, K.; Kavanagh, P. S.; Bacon, R.; Wilson, R. L.",JOURNAL OF ADVANCED NURSING,2024,10.1111/jan.15968,8,cancer care; first nations; indigenous; supportive care; unmet needs,Review,https://www.webofscience.com/api/gateway?GWVersion=2&SrcApp=wos-lit-review_kkk&SrcAuth=WosAPI&KeyUT=WOS:001203465800011&DestLinkType=FullRecord&DestApp=WOS_CPL,wos_unmet_care_supplement
WOS:001208716100001,"Caring neighbourhoods in Belgium: lessons learned on the development, implementation and evaluation of 35 caring neighbourhood projects","De Donder, Liesbeth; Stegen, Hannelore; Hoens, Sylvia",PALLIATIVE CARE & SOCIAL PRACTICE,2024,10.1177/26323524241246533,12,age-friendly; Caring Neighbourhoods; community care; community development; compassionate communities,Article,https://www.webofscience.com/api/gateway?GWVersion=2&SrcApp=wos-lit-review_kkk&SrcAuth=WosAPI&KeyUT=WOS:001208716100001&DestLinkType=FullRecord&DestApp=WOS_CPL,wos_unmet_care_supplement
WOS:001225324400014,Everyday Challenges for Individuals Aging With Vision Impairment: Technology Implications,"Remillard, Elena T.; Koon, Lyndsie M.; Mitzner, Tracy L.; Rogers, Wendy A.",GERONTOLOGIST,2024,10.1093/geront/gnad169,26,Aging with disability; Blind; Community participation; Instrumental activities of daily living; Low vision,Article,https://www.webofscience.com/api/gateway?GWVersion=2&SrcApp=wos-lit-review_kkk&SrcAuth=WosAPI&KeyUT=WOS:001225324400014&DestLinkType=FullRecord&DestApp=WOS_CPL,wos_unmet_care_supplement
WOS:001229230200002,"Communication between Caregivers of Adults with Cancer and Healthcare Professionals: a Review of Communication Experiences, Associated Factors, Outcomes, and Interventions","Wang, Ying; Seplaki, Christopher L.; Norton, Sally A.; Williams, AnnaLynn M.; Kadambi, Sindhuja; Loh, Kah Poh",CURRENT ONCOLOGY REPORTS,2024,10.1007/s11912-024-01550-5,14,Cancer; Caregivers; Healthcare professionals; Communication; Review; Interventions,Review,https://www.webofscience.com/api/gateway?GWVersion=2&SrcApp=wos-lit-review_kkk&SrcAuth=WosAPI&KeyUT=WOS:001229230200002&DestLinkType=FullRecord&DestApp=WOS_CPL,wos_unmet_care_supplement
WOS:001233690000001,"Unmet healthcare needs, access to services and experiences with health providers among persons with spinal cord injury in Australia","Borg, Samantha J.; Borg, David N.; Arora, Mohit; Middleton, James W.; Marshall, Ruth; Nunn, Andrew; Geraghty, Timothy",SPINAL CORD,2024,10.1038/s41393-024-00997-4,12,,Article,https://www.webofscience.com/api/gateway?GWVersion=2&SrcApp=wos-lit-review_kkk&SrcAuth=WosAPI&KeyUT=WOS:001233690000001&DestLinkType=FullRecord&DestApp=WOS_CPL,wos_unmet_care_supplement
WOS:001238158400001,Older adults with communication disabilities and their use of communication support at doctor's visits: a nationally representative study,"Oshita, Jennifer Y.; Gell, Nancy M.; Reed, Nicholas S.; Stransky, Michelle L.; MacLean, Charles D.",DISABILITY AND REHABILITATION,2025,10.1080/09638288.2024.2351155,0,Communication disabilities; communication disorders; disabilities; healthcare accommodations; utilization; disability accommodations; reduced inequalities; patient-provider communication,Article,https://www.webofscience.com/api/gateway?GWVersion=2&SrcApp=wos-lit-review_kkk&SrcAuth=WosAPI&KeyUT=WOS:001238158400001&DestLinkType=FullRecord&DestApp=WOS_CPL,wos_unmet_care_supplement
WOS:001251619100001,Family Members' Perspectives on the Unmet Care Needs of People Living With Dementia in Nursing Homes,"Paananen, Jenny; Moore, Vanessa; Blomqvist, Katarina; Kulmala, Jenni; Pirhonen, Jari",JOURNAL OF SOCIAL SERVICE RESEARCH,2025,10.1080/01488376.2024.2369115,6,Dementia; family; long-term care; nursing home care; thematic analysis; unmet care needs,Article,https://www.webofscience.com/api/gateway?GWVersion=2&SrcApp=wos-lit-review_kkk&SrcAuth=WosAPI&KeyUT=WOS:001251619100001&DestLinkType=FullRecord&DestApp=WOS_CPL,wos_unmet_care_supplement
WOS:001251705300001,Risk of cancer-related distress by age in colorectal cancer survivors: The modulatory role of unmet support needs,"Andreu, Y.; Soto-Rubio, A.; Picazo, C.; Gil-Julia, B.; Fernandez, S.; Chulvi, R.",JOURNAL OF HEALTH PSYCHOLOGY,2025,10.1177/13591053241253358,4,age; colorectal cancer survivor; distress; modulating variable; unmet support needs,Article,https://www.webofscience.com/api/gateway?GWVersion=2&SrcApp=wos-lit-review_kkk&SrcAuth=WosAPI&KeyUT=WOS:001251705300001&DestLinkType=FullRecord&DestApp=WOS_CPL,wos_unmet_care_supplement
WOS:001241954400075,Support needs of Australians bereaved during the COVID-19 pandemic: A cross-sectional survey study,"Ivynian, Serra E.; Maccallum, Fiona; Chang, Sungwon; Breen, Lauren J.; Phillips, Jane L.; Agar, Meera; Hosie, Annmarie; Tieman, Jennifer; DiGiacomo, Michelle; Luckett, Tim; Philip, Jennifer; Dadich, Ann; Grossman, Christopher; Gilmore, Imelda; Harlum, Janeane; Kinchin, Irina; Glasgow, Nicholas; Lobb, Elizabeth A.",PLOS ONE,2024,10.1371/journal.pone.0304025,5,,Article,https://www.webofscience.com/api/gateway?GWVersion=2&SrcApp=wos-lit-review_kkk&SrcAuth=WosAPI&KeyUT=WOS:001241954400075&DestLinkType=FullRecord&DestApp=WOS_CPL,wos_unmet_care_supplement
WOS:001261457100001,Double Trouble! Do Workplace Supports Mitigate Lost Productivity for Young Workers with Both Severe Rheumatic Diseases and Depressive Symptoms?,"Dobson, Kathleen G.; Gignac, Monique A. M.; Tucker, Lori; Jetha, Arif",JOURNAL OF OCCUPATIONAL REHABILITATION,2025,10.1007/s10926-024-10217-8,1,Rheumatic arthritis; Depression; Comorbidity; Productivity; Absenteeism; Workplace support,Article,https://www.webofscience.com/api/gateway?GWVersion=2&SrcApp=wos-lit-review_kkk&SrcAuth=WosAPI&KeyUT=WOS:001261457100001&DestLinkType=FullRecord&DestApp=WOS_CPL,wos_unmet_care_supplement
WOS:001271212800001,A multidisciplinary group-based survivorship intervention for those living with multiple myeloma: a feasibility study,"Eilert, Nora; Murphy, Norma-Jean; Cummins, Hannah; Houlihan, Emma; Krawczyk, Janusz",PILOT AND FEASIBILITY STUDIES,2024,10.1186/s40814-024-01524-1,1,Multiple myeloma; Survivorship; Self-management; Exercise; Peer support,Article,https://www.webofscience.com/api/gateway?GWVersion=2&SrcApp=wos-lit-review_kkk&SrcAuth=WosAPI&KeyUT=WOS:001271212800001&DestLinkType=FullRecord&DestApp=WOS_CPL,wos_unmet_care_supplement
WOS:001272924800020,An invigorating journey towards better function and well-being: A qualitative study of knee osteoarthritis patients' experiences with an online exercise and education intervention,"Simony, Charlotte; Clausen, Brian; Beck, Malene; Nyberg, Mette; Tang, Lars Hermann; Skou, Soren T.; Holm, Paetur M.",OSTEOARTHRITIS AND CARTILAGE OPEN,2023,10.1016/j.ocarto.2023.100384,13,Knee osteoarthritis; Exercise; Education; Online; Patients' experiences; Qualitative research; Running headline,Article,https://www.webofscience.com/api/gateway?GWVersion=2&SrcApp=wos-lit-review_kkk&SrcAuth=WosAPI&KeyUT=WOS:001272924800020&DestLinkType=FullRecord&DestApp=WOS_CPL,wos_unmet_care_supplement
WOS:001275557402583,Reasons for unmet care needs in older adults with cancer: Analyses from the 2015-2019 National Health and Aging Trends Study,"Wang, Ying; Williams, AnnaLynn; Jensen-Battaglia, Marielle; Loh, Kah Poh; Norton, Sally; Seplaki, Christopher",JOURNAL OF CLINICAL ONCOLOGY,2024,,0,,Abstract,https://www.webofscience.com/api/gateway?GWVersion=2&SrcApp=wos-lit-review_kkk&SrcAuth=WosAPI&KeyUT=WOS:001275557402583&DestLinkType=FullRecord&DestApp=WOS_CPL,wos_unmet_care_supplement
WOS:001306453900006,"Dental caries status and treatment need among pregnant women attending antenatal clinics in Dar-Es-Salaam region, Tanzania","Msagati, Farizana R.; Mandari, Godbless J.; Simon, Elison N. M.",BMC ORAL HEALTH,2024,10.1186/s12903-024-04744-2,2,Dental caries; Pregnant women; Treatment need; Tanzania,Article,https://www.webofscience.com/api/gateway?GWVersion=2&SrcApp=wos-lit-review_kkk&SrcAuth=WosAPI&KeyUT=WOS:001306453900006&DestLinkType=FullRecord&DestApp=WOS_CPL,wos_unmet_care_supplement
WOS:001323126200001,Exploring the Unmet Needs of Teachers of Young Children with ADHD Symptoms: A Qualitative Study,"Aldabbagh, Reem; Daley, David; Sayal, Kapil; Glazebrook, Cris",CHILDREN-BASEL,2024,10.3390/children11091053,2,teachers; children; ADHD; training; themes; support; primary school,Article,https://www.webofscience.com/api/gateway?GWVersion=2&SrcApp=wos-lit-review_kkk&SrcAuth=WosAPI&KeyUT=WOS:001323126200001&DestLinkType=FullRecord&DestApp=WOS_CPL,wos_unmet_care_supplement
WOS:001322595400001,"Symptoms, distress, finances, social support, resource utilization, and unmet care needs of patients with gynecological cancer","Siao, Chia-Li; Chang, Wen-Chun; Chen, Chi-Hau; Lee, Yun-Hsiang; Lai, Yeur-Hur",EUROPEAN JOURNAL OF ONCOLOGY NURSING,2024,10.1016/j.ejon.2024.102686,9,Distress; Finances; Gynecological cancer; Social resource utilization; Social support; Symptom; Unmet care need,Article,https://www.webofscience.com/api/gateway?GWVersion=2&SrcApp=wos-lit-review_kkk&SrcAuth=WosAPI&KeyUT=WOS:001322595400001&DestLinkType=FullRecord&DestApp=WOS_CPL,wos_unmet_care_supplement
WOS:001335622300001,Quality of Life in Children With Chronic Health Conditions and Its Contribution to Unmet Supportive Care Needs of Families,"Thomas, Sangeetha; Ryan, Nicholas P.; Byrne, Linda K.; Hendrieckx, Christel; White, Victoria",CHILD CARE HEALTH AND DEVELOPMENT,2024,10.1111/cch.13336,3,children; chronic illness; quality of life; supportive care; unmet needs; unmet supportive care needs,Article,https://www.webofscience.com/api/gateway?GWVersion=2&SrcApp=wos-lit-review_kkk&SrcAuth=WosAPI&KeyUT=WOS:001335622300001&DestLinkType=FullRecord&DestApp=WOS_CPL,wos_unmet_care_supplement
WOS:001329246400001,Profiles of Met and Unmet Care Needs in the Oldest Old Primary Care Patients with Cognitive Disorders and Dementia: Results of the AgeCoDe and AgeQualiDe Study,"Kraake, Sophia; Pabst, Alexander; Bickel, Horst; Pentzek, Michael; Fuchs, Angela; Wiese, Birgitt; Oey, Anke; Koenig, Hans-Helmut; Brettschneider, Christian; Scherer, Martin; Mallon, Tina; Luehmann, Dagmar; Maier, Wolfgang; Wagner, Michael; Heser, Kathrin; Weyerer, Siegfried; Werle, Jochen; Riedel-Heller, Steffi G.; Stein, Janine",DEMENTIA AND GERIATRIC COGNITIVE DISORDERS,2025,10.1159/000541118,1,Camberwell Assessment of Needs for the Elderly; Dementia; Latent class analysis; Need profiles; Oldest old population,Article,https://www.webofscience.com/api/gateway?GWVersion=2&SrcApp=wos-lit-review_kkk&SrcAuth=WosAPI&KeyUT=WOS:001329246400001&DestLinkType=FullRecord&DestApp=WOS_CPL,wos_unmet_care_supplement
WOS:001320777500026,Understanding the unmet support needs of young and young adult carers and their families,"Brimblecombe, Nicola; Stevens, Madeleine; Gowen, Sara; Skyer, Robin; Moriarty, Jo",PLOS ONE,2024,10.1371/journal.pone.0310766,10,,Article,https://www.webofscience.com/api/gateway?GWVersion=2&SrcApp=wos-lit-review_kkk&SrcAuth=WosAPI&KeyUT=WOS:001320777500026&DestLinkType=FullRecord&DestApp=WOS_CPL,wos_unmet_care_supplement
WOS:001345708200001,Outcomes of primary transobturator mid-urethral sling surgery in women of different ages,"Yang, Jenn-Ming; Huang, Wen-Chen",EUROPEAN JOURNAL OF OBSTETRICS & GYNECOLOGY AND REPRODUCTIVE BIOLOGY,2024,10.1016/j.ejogrb.2024.10.030,3,Elderly; Frailty; Daily life independence; Senior; Sling location; Stress urinary incontinence; Transobturator mid-urethral sling,Article,https://www.webofscience.com/api/gateway?GWVersion=2&SrcApp=wos-lit-review_kkk&SrcAuth=WosAPI&KeyUT=WOS:001345708200001&DestLinkType=FullRecord&DestApp=WOS_CPL,wos_unmet_care_supplement
WOS:001357916200001,Making Community-Based Palliative Care Eligibility Determinations: Palliative Care Team Member Perspectives on Access to Information and Algorithm Use,"Sheldon, Kira G.; Bowles, Kathryn H.; Sage, Carolyn; Stanley, June; Luth, Elizabeth A.",AMERICAN JOURNAL OF HOSPICE & PALLIATIVE MEDICINE,2025,10.1177/10499091241302044,3,palliative care; eligibility determination; algorithms; focus groups; decision making; delivery of health care,Article,https://www.webofscience.com/api/gateway?GWVersion=2&SrcApp=wos-lit-review_kkk&SrcAuth=WosAPI&KeyUT=WOS:001357916200001&DestLinkType=FullRecord&DestApp=WOS_CPL,wos_unmet_care_supplement
WOS:001326652300015,"The association between frailty, care receipt and unmet need for care with the risk of hospital admissions","Maharani, Asri; Sinclair, David R.; Clegg, Andrew; Hanratty, Barbara; Nazroo, James; Tampubolon, Gindo; Todd, Chris; Wittenberg, Raphael; O'Neill, Terence W.; Matthews, Fiona E.",PLOS ONE,2024,10.1371/journal.pone.0306858,3,,Article,https://www.webofscience.com/api/gateway?GWVersion=2&SrcApp=wos-lit-review_kkk&SrcAuth=WosAPI&KeyUT=WOS:001326652300015&DestLinkType=FullRecord&DestApp=WOS_CPL,wos_unmet_care_supplement
WOS:001362693200026,Evaluating the impact of a pilot programme for home- and community-based services on long-term care needs among older adults in China,"Ping, Ruru; Hu, Bo; Oshio, Takashi",PLOS ONE,2024,10.1371/journal.pone.0311616,5,,Article,https://www.webofscience.com/api/gateway?GWVersion=2&SrcApp=wos-lit-review_kkk&SrcAuth=WosAPI&KeyUT=WOS:001362693200026&DestLinkType=FullRecord&DestApp=WOS_CPL,wos_unmet_care_supplement
WOS:001389535600001,Spousal characteristics and unmet care needs: A longitudinal national study of adults aged 50 and over in England,"Zhang, Jingwen; Zhang, Yanan; Bennett, Matthew R.",SOCIAL SCIENCE & MEDICINE,2025,10.1016/j.socscimed.2024.117530,4,Unmet needs; Long-term care; Dyadic analysis; Gender; Spousal characteristics,Article,https://www.webofscience.com/api/gateway?GWVersion=2&SrcApp=wos-lit-review_kkk&SrcAuth=WosAPI&KeyUT=WOS:001389535600001&DestLinkType=FullRecord&DestApp=WOS_CPL,wos_unmet_care_supplement
WOS:001392423300001,Examining Help-Seeking Behavior in People Living Alone With Cognitive Impairment,"Smith, Colby P.; Perkins, Molly M.; Hepburn, Kenneth W.; Kavalieratos, Dio; Lowers, Jane",JOURNAL OF APPLIED GERONTOLOGY,2025,10.1177/07334648241309478,0,dementia; health behaviors; caregiving; independence; community,Article,https://www.webofscience.com/api/gateway?GWVersion=2&SrcApp=wos-lit-review_kkk&SrcAuth=WosAPI&KeyUT=WOS:001392423300001&DestLinkType=FullRecord&DestApp=WOS_CPL,wos_unmet_care_supplement
WOS:001394190400001,Long-term outcome and rehabilitation needs after acquired brain injury in children and adolescents - an evaluation in a Swedish cohort,"Baric, Vedrana; Yngve, Moa; Hoglund, Anette; Ahlsten, Gunnar; Lidstrom, Helene; Kristiansen, Ingela",DISABILITY AND REHABILITATION,2025,10.1080/09638288.2024.2449406,5,ABI; traumatic brain injury (TBI); child and family follow-up survey (CFFS); longitudinal; participation; rehabilitation; environmental barriers; school; home; community,Article,https://www.webofscience.com/api/gateway?GWVersion=2&SrcApp=wos-lit-review_kkk&SrcAuth=WosAPI&KeyUT=WOS:001394190400001&DestLinkType=FullRecord&DestApp=WOS_CPL,wos_unmet_care_supplement
WOS:001397623800001,Diabetes Distress and Unmet Support Needs Hinder Optimal Care for Adolescents With Type 2 Diabetes: A Mixed Methods Study,"Spajic, Dana; Curran, Jacqueline; Luu, Yasmin; Shah, Mark A. E.; Subramani, Gitanjali; James, Radhika; Oxlad, Melissa; Speight, Jane; Pena, Alexia S.",PEDIATRIC DIABETES,2025,10.1155/pedi/5574666,7,adolescents; diabetes distress; healthcare needs; type 2 diabetes; youth,Article,https://www.webofscience.com/api/gateway?GWVersion=2&SrcApp=wos-lit-review_kkk&SrcAuth=WosAPI&KeyUT=WOS:001397623800001&DestLinkType=FullRecord&DestApp=WOS_CPL,wos_unmet_care_supplement
WOS:001406764000001,Which unmet social care needs have the biggest impact on healthy ageing? An analysis of data from the English Longitudinal Study of Ageing,"Spiers, Gemma F.; Davies, Laurie E.; Sinclair, David; Tan, Michelle M. C.; Kingston, Andrew; Hanratty, Barbara",BMJ OPEN,2025,10.1136/bmjopen-2024-084812,0,Aged; Health Equity; Health Services for the Aged,Article,https://www.webofscience.com/api/gateway?GWVersion=2&SrcApp=wos-lit-review_kkk&SrcAuth=WosAPI&KeyUT=WOS:001406764000001&DestLinkType=FullRecord&DestApp=WOS_CPL,wos_unmet_care_supplement
WOS:001412548000001,Unmet Supportive Care Needs of Lung Cancer Survival Patients at Different Cancer Stages and Treatment Phases,"Lee, Pei-Yi; Chen, Yu-An; Tsai, Tung-Han; Chen, Chih-Yi; Shieh, Shwn-Huey",JOURNAL OF MULTIDISCIPLINARY HEALTHCARE,2025,10.2147/JMDH.S482232,1,unmet care needs; lung cancer; survivor; cancer stages and treatment,Article,https://www.webofscience.com/api/gateway?GWVersion=2&SrcApp=wos-lit-review_kkk&SrcAuth=WosAPI&KeyUT=WOS:001412548000001&DestLinkType=FullRecord&DestApp=WOS_CPL,wos_unmet_care_supplement
WOS:001404747300009,Living with a blood cancer in later life: The complex challenges and related support needs of adults aged 75 and older,"Parker, Naomi D.; Wollney, Easton N.; Bylund, Carma L.; Amin, Tithi B.; Mullis, M. Devyn; Bagautdinova, Diliara; Sae-Hau, Maria; Weiss, Elisa S.; Thomas, Lyndsey A.; Fisher, Carla L.",PALLIATIVE & SUPPORTIVE CARE,2024,10.1017/S1478951523001219,0,Blood cancer; Hematologic malignancy; Geriatric; Older adults; Later life; Support,Article,https://www.webofscience.com/api/gateway?GWVersion=2&SrcApp=wos-lit-review_kkk&SrcAuth=WosAPI&KeyUT=WOS:001404747300009&DestLinkType=FullRecord&DestApp=WOS_CPL,wos_unmet_care_supplement
WOS:001426296900001,Housing characteristics of low and moderate income older adults with and without disabilities,"Okoye, Safiyyah M.; Samuel, Laura J.; Fabius, Chanee D.; Ortiz, Kasim; Pollack, Craig E.; Gitlin, Laura N.; Szanton, Sarah L.; Wolff, Jennifer L.",GERIATRIC NURSING,2025,10.1016/j.gerinurse.2025.01.042,2,Housing; Older adults; Disability; Quality of life; Adverse consequences of unmet care needs; Low income; Moderate income; Community living,Article,https://www.webofscience.com/api/gateway?GWVersion=2&SrcApp=wos-lit-review_kkk&SrcAuth=WosAPI&KeyUT=WOS:001426296900001&DestLinkType=FullRecord&DestApp=WOS_CPL,wos_unmet_care_supplement
WOS:001432976900001,Psychological supports for people living with a rare disease in Ireland: an online survey-based study,"Nerney, Darragh; O'Malley, Emer; Kenny, Caroline; Ward, Alana; Sweeney, Geraldine; Mcgrath, Vicky; Egan, Laura; Treacy, Eileen",IRISH JOURNAL OF MEDICAL SCIENCE,2025,10.1007/s11845-025-03902-x,1,Access to psychological services; Genetics; Rare diseases,Article,https://www.webofscience.com/api/gateway?GWVersion=2&SrcApp=wos-lit-review_kkk&SrcAuth=WosAPI&KeyUT=WOS:001432976900001&DestLinkType=FullRecord&DestApp=WOS_CPL,wos_unmet_care_supplement
WOS:001432118000001,Aging in Bangladesh: A Wake-Up Call for Elderly Care Solutions,"Akter, Shimpi; Hossain, Md Ikbal; Kabir, Humayun; Akter, Sopon; Akter, Masuda",HEALTH SCIENCE REPORTS,2025,10.1002/hsr2.70529,7,aging; Bangladesh; elderly; home care; residential care; senior housing,Editorial material,https://www.webofscience.com/api/gateway?GWVersion=2&SrcApp=wos-lit-review_kkk&SrcAuth=WosAPI&KeyUT=WOS:001432118000001&DestLinkType=FullRecord&DestApp=WOS_CPL,wos_unmet_care_supplement
WOS:001437580000001,Unmet Activities of Daily Living (ADL) Care Needs and Associated Risk Factors Among Older Adults with Dementia at the End of Life,"Swearinger, Hazal; Con Wright, Gulcin",JOURNAL OF GERONTOLOGICAL SOCIAL WORK,2025,10.1080/01634372.2025.2474584,0,End of life care; dementia; ADL; unmet needs; NHATS,Article,https://www.webofscience.com/api/gateway?GWVersion=2&SrcApp=wos-lit-review_kkk&SrcAuth=WosAPI&KeyUT=WOS:001437580000001&DestLinkType=FullRecord&DestApp=WOS_CPL,wos_unmet_care_supplement
WOS:001442709900001,"Differences in the risk of frailty based on care receipt, unmet care needs and socio-economic inequalities: A longitudinal analysis of the English Longitudinal Study of Ageing","Sinclair, David R.; Maharani, Asri; Clegg, Andrew; Hanratty, Barbara; Tampubolon, Gindo; Todd, Chris; Wittenberg, Raphael; O'Neill, Terence W.; Matthews, Fiona E.",JOURNAL OF FRAILTY & AGING,2025,10.1016/j.tjfa.2025.100012,2,Prefrail; ELSA; Multistate model; Healthy ageing; Unmet need for care,Article,https://www.webofscience.com/api/gateway?GWVersion=2&SrcApp=wos-lit-review_kkk&SrcAuth=WosAPI&KeyUT=WOS:001442709900001&DestLinkType=FullRecord&DestApp=WOS_CPL,wos_unmet_care_supplement
WOS:001448333600001,Association between physical frailty and social support in community-dwelling older adults: A systematic review,"Dou, Xiaofan; Yao, Lifeng; Xu, Hai; Yan, Ruijian; Dai, Nannan; He, Qiao",ARCHIVES OF GERONTOLOGY AND GERIATRICS,2025,10.1016/j.archger.2025.105826,7,Frailty; Social support; Aged; Systematic review,Review,https://www.webofscience.com/api/gateway?GWVersion=2&SrcApp=wos-lit-review_kkk&SrcAuth=WosAPI&KeyUT=WOS:001448333600001&DestLinkType=FullRecord&DestApp=WOS_CPL,wos_unmet_care_supplement
WOS:001452593900001,Systematic review with qualitative meta-synthesis of parents' experiences and needs in relation to having a child or young person with a mental health difficulty,"Martin, Faith; Dahmash, Dania; Wicker, Sarah; Glover, Sarah; Duncan, Charlie; Anastassiou, Andrea; Docherty, Lucy; Halligan, Sarah",BMJ MENTAL HEALTH,2025,10.1136/bmjment-2024-301518,12,adult psychiatry; child & adolescent psychiatry,Review,https://www.webofscience.com/api/gateway?GWVersion=2&SrcApp=wos-lit-review_kkk&SrcAuth=WosAPI&KeyUT=WOS:001452593900001&DestLinkType=FullRecord&DestApp=WOS_CPL,wos_unmet_care_supplement
WOS:001452395800001,Predictors for interest to participate in digital mental health therapy: a cross-sectional survey of individuals with anxiety and depression,"Gunawardena, Tharidu; Bartholmae, Marilyn M.; Karpov, Matvey V.; Dod, Rohan; Ahuja, Kripa; Rajendran, Aishwarya; Kathrotia, Mayuri; Dodani, Sunita",BMC DIGITAL HEALTH,2024,10.1186/s44247-024-00080-1,1,Depression; Anxiety; SilverCloud; COVID-19; Pandemic; iCBT; Digital mental health therapy,Article,https://www.webofscience.com/api/gateway?GWVersion=2&SrcApp=wos-lit-review_kkk&SrcAuth=WosAPI&KeyUT=WOS:001452395800001&DestLinkType=FullRecord&DestApp=WOS_CPL,wos_unmet_care_supplement
WOS:001454840200001,Identifying and Addressing Unmet Needs in Dementia: The Role of Care Access and Psychosocial Support,"Scharf, Annelie; Michalowsky, Bernhard; Raedke, Anika; Kleinke, Fabian; Schade, Stefanie; Platen, Moritz; Buchholz, Maresa; Pfaff, Michelle; Iskandar, Audrey; van den Berg, Neeltje; Hoffmann, Wolfgang",INTERNATIONAL JOURNAL OF GERIATRIC PSYCHIATRY,2025,10.1002/gps.70066,7,"Alzheimer's disease; Camberwell Assessment of Need for the Elderly (CANE); dementia; elderly population; environmental, physical, psychological, and social domains; health services research; needs assessment; people with dementia; primary care; unmet needs",Article,https://www.webofscience.com/api/gateway?GWVersion=2&SrcApp=wos-lit-review_kkk&SrcAuth=WosAPI&KeyUT=WOS:001454840200001&DestLinkType=FullRecord&DestApp=WOS_CPL,wos_unmet_care_supplement
WOS:001455947400003,Implementing a new clinical service - what's your elevator pitch?,"Sureshkumar, Ashvene; Scandiffio, Jillian; Luong, Dorothy; Munce, Sarah; Lai, Nanette; Feng, Gregory; Bayley, Mark; Oh, Jiwon; Kastner, Monika; Furlan, Andrea D.; Sud, Abhimanyu; Feinstein, Anthony; Simpson, Robert",BMC HEALTH SERVICES RESEARCH,2025,10.1186/s12913-025-12633-9,2,Multiple sclerosis; Mindfulness; Policy; Healthcare policy; Qualitative,Article,https://www.webofscience.com/api/gateway?GWVersion=2&SrcApp=wos-lit-review_kkk&SrcAuth=WosAPI&KeyUT=WOS:001455947400003&DestLinkType=FullRecord&DestApp=WOS_CPL,wos_unmet_care_supplement
WOS:001460879900001,Caregiving Trajectories and Unmet Care Needs in Later Life,"Freedman, Vicki A.; Cornman, Jennifer C.; Wolff, Jennifer L.",GERONTOLOGIST,2025,10.1093/geront/gnae136,7,Caregiving; Care transitions; Community-based long-term care; Disablement process,Article,https://www.webofscience.com/api/gateway?GWVersion=2&SrcApp=wos-lit-review_kkk&SrcAuth=WosAPI&KeyUT=WOS:001460879900001&DestLinkType=FullRecord&DestApp=WOS_CPL,wos_unmet_care_supplement
WOS:001464957000001,Adolescents' Experiences of Parental Intimate Partner Violence: A Review of Qualitative Literature,"Achar, Meghna; Ruben, Johnson Pradeep; Thomas, Susan",TRAUMA VIOLENCE & ABUSE,2025,10.1177/15248380251329488,1,adolescents; parental intimate partner violence; adolescent help-seeking; coping; qualitative research,Review; Early Access,https://www.webofscience.com/api/gateway?GWVersion=2&SrcApp=wos-lit-review_kkk&SrcAuth=WosAPI&KeyUT=WOS:001464957000001&DestLinkType=FullRecord&DestApp=WOS_CPL,wos_unmet_care_supplement
WOS:001466884900001,Health-related quality of life in Myalgic Encephalomyelitis/Chronic Fatigue Syndrome and Post COVID-19 Condition: a systematic review,"Weigel, Breanna; Inderyas, Maira; Eaton-Fitch, Natalie; Thapaliya, Kiran; Marshall-Gradisnik, Sonya",JOURNAL OF TRANSLATIONAL MEDICINE,2025,10.1186/s12967-025-06131-z,13,Myalgic Encephalomyelitis/Chronic Fatigue Syndrome; Post COVID-19 Condition; Post-Acute Sequelae of COVID-19; Long COVID; Health-related quality of life,Review,https://www.webofscience.com/api/gateway?GWVersion=2&SrcApp=wos-lit-review_kkk&SrcAuth=WosAPI&KeyUT=WOS:001466884900001&DestLinkType=FullRecord&DestApp=WOS_CPL,wos_unmet_care_supplement
WOS:001480063700001,Care Needs of Community-Dwelling Older Adults Living in Poverty and Their Relationship With Other Biopsychosocial Variables: A Cross-Sectional Study,"Fernandez-Fernandez, Ainhoa; Chica-Perez, Anabel; Morante-Garcia, Wladimir; Dobarrio-Sanz, Iria; Correa-Casado, Matias; Fernandez-Sola, Cayetano; Hernandez-Padilla, Jose Manuel",JOURNAL OF ADVANCED NURSING,2026,10.1111/jan.17016,2,biopsychosocial variables; high-income country; needs; older adults; poverty,Article,https://www.webofscience.com/api/gateway?GWVersion=2&SrcApp=wos-lit-review_kkk&SrcAuth=WosAPI&KeyUT=WOS:001480063700001&DestLinkType=FullRecord&DestApp=WOS_CPL,wos_unmet_care_supplement
WOS:001480261200001,Family Structure and Unmet Care Needs Among Older Adults With and Without Dementia in the United States,"Patterson, Sarah E.; Freedman, Vicki A.",GERONTOLOGIST,2025,10.1093/geront/gnaf062,5,Aging; Dementia; Family structure; Unmet care needs,Article,https://www.webofscience.com/api/gateway?GWVersion=2&SrcApp=wos-lit-review_kkk&SrcAuth=WosAPI&KeyUT=WOS:001480261200001&DestLinkType=FullRecord&DestApp=WOS_CPL,wos_unmet_care_supplement
WOS:001479989600001,The intensity of informal caregiving and its implications for older caregivers: a national survey in Sweden,"Kirvalidze, Mariam; Hanson, Elizabeth; Magnusson, Lennart; Dahlberg, Lena; Wimo, Anders; Morin, Lucas; Calderon-Larranaga, Amaia",SCANDINAVIAN JOURNAL OF PUBLIC HEALTH,2026,10.1177/14034948251335113,9,Informal care; aging; caregivers,Article,https://www.webofscience.com/api/gateway?GWVersion=2&SrcApp=wos-lit-review_kkk&SrcAuth=WosAPI&KeyUT=WOS:001479989600001&DestLinkType=FullRecord&DestApp=WOS_CPL,wos_unmet_care_supplement
WOS:001489398500001,"Coping within constrained social care: emotion work, collective rulemaking, and prioritisation in Nordic eldercare","Graff, Lea; Vabo, Mia",EUROPEAN JOURNAL OF SOCIAL WORK,2026,10.1080/13691457.2025.2503806,2,Home care in Norway and Denmark; emotional labour and collective rules; marginalised social care; health and social care workers; Hjemmepleje; f & oslash;lelsesarbejde og kollektive regler; marginaliseret social omsorg; social - og sundhedsprofessionelle,Article,https://www.webofscience.com/api/gateway?GWVersion=2&SrcApp=wos-lit-review_kkk&SrcAuth=WosAPI&KeyUT=WOS:001489398500001&DestLinkType=FullRecord&DestApp=WOS_CPL,wos_unmet_care_supplement
WOS:001488932800001,COVID-19 and domiciliary care utilisation: Evidence from the English Longitudinal Study of Ageing,"Arabadzhyan, Anastasia; Jacob, Nikita; Kasteridis, Panagiotis; Mason, Anne; Rice, Nigel",JOURNAL OF THE ECONOMICS OF AGEING,2025,10.1016/j.jeoa.2025.100552,1,Home care; COVID-19 pandemic; Inequality; Multinomial logit,Article,https://www.webofscience.com/api/gateway?GWVersion=2&SrcApp=wos-lit-review_kkk&SrcAuth=WosAPI&KeyUT=WOS:001488932800001&DestLinkType=FullRecord&DestApp=WOS_CPL,wos_unmet_care_supplement
WOS:001494067400001,Unmet Care Needs of Adult Survivors of Thyroid Cancer A Systematic Review,"Das, Alisha; Garcia, Gilberto Perez Rodriguez; Rubio, Esteban Cabezas; Acosta, Gonzalo J.; Bylund, Carma L.; Brito, Juan P.; Ospina, Naykky Singh",JAMA OTOLARYNGOLOGY-HEAD & NECK SURGERY,2025,10.1001/jamaoto.2025.0855,3,,Review,https://www.webofscience.com/api/gateway?GWVersion=2&SrcApp=wos-lit-review_kkk&SrcAuth=WosAPI&KeyUT=WOS:001494067400001&DestLinkType=FullRecord&DestApp=WOS_CPL,wos_unmet_care_supplement
WOS:001493951400001,A qualitative study to examine hidden care burden for older adults with overweight and obesity in England,"Ghosh, Gargi; Khan, Hafiz T. A.; Vohra, Salim",PLOS ONE,2025,10.1371/journal.pone.0320253,0,,Article,https://www.webofscience.com/api/gateway?GWVersion=2&SrcApp=wos-lit-review_kkk&SrcAuth=WosAPI&KeyUT=WOS:001493951400001&DestLinkType=FullRecord&DestApp=WOS_CPL,wos_unmet_care_supplement
WOS:001495247400001,Distancing and Changes in Intergenerational Support in Germany During the Beginning of the COVID-19 Pandemic,"Klingel, Markus; Garten, Claudius; Grates, Miriam; Quashie, Nekehia T.; Brandt, Martina",JOURNAL OF INTERGENERATIONAL RELATIONSHIPS,2025,10.1080/15350770.2025.2504393,3,Informal support; grandchild care; grandparents; aging parents; pandemic; family support,Article,https://www.webofscience.com/api/gateway?GWVersion=2&SrcApp=wos-lit-review_kkk&SrcAuth=WosAPI&KeyUT=WOS:001495247400001&DestLinkType=FullRecord&DestApp=WOS_CPL,wos_unmet_care_supplement
WOS:001494744600003,Unmet Care Needs of Colorectal Cancer Survivors in Taiwan and Related Predictors,"Mao, Yu-Ju; Lai, Huang-Jen; Liu, Ying-Mei; Liao, Mei-Nan; Tung, Tao-Hsin; Lin, Yung-Chang; Beaton, Randal D.; Jane, Sui-Whi; Huang, Hsiang-Ping",JOURNAL OF NURSING RESEARCH,2025,10.1097/jnr.0000000000000676,4,colorectal cancer survivors; unmet care needs; psychological distress; quality of life,Article,https://www.webofscience.com/api/gateway?GWVersion=2&SrcApp=wos-lit-review_kkk&SrcAuth=WosAPI&KeyUT=WOS:001494744600003&DestLinkType=FullRecord&DestApp=WOS_CPL,wos_unmet_care_supplement
WOS:001507842800001,Socio-economic differences in receiving care by the over-80s in Germany and England: intensity of care needs as a moderator,"Henz, Ursula; Wagner, Michael",EUROPEAN JOURNAL OF AGEING,2025,10.1007/s10433-025-00864-y,0,Informal care; Formal care; Unmet care need; Inequality; Care regimes; Ageing,Article,https://www.webofscience.com/api/gateway?GWVersion=2&SrcApp=wos-lit-review_kkk&SrcAuth=WosAPI&KeyUT=WOS:001507842800001&DestLinkType=FullRecord&DestApp=WOS_CPL,wos_unmet_care_supplement
WOS:001507619600001,Dynamics of Unmet Social Care Needs and Depressive Symptoms Among Older Adults: Evidence From a Prospective Study in England,"Falkingham, Jane; Evandrou, Maria; Qin, Min; Vlachantoni, Athina",HEALTH & SOCIAL CARE IN THE COMMUNITY,2025,10.1155/hsc/8867042,0,depressive symptoms; older adults; social care; unmet needs,Article,https://www.webofscience.com/api/gateway?GWVersion=2&SrcApp=wos-lit-review_kkk&SrcAuth=WosAPI&KeyUT=WOS:001507619600001&DestLinkType=FullRecord&DestApp=WOS_CPL,wos_unmet_care_supplement
WOS:001513801100006,Qualitative Evaluation of Financial Toxicity and Supportive Care Needs of Women Living With Metastatic Breast Cancer,"Marshall, Victoria K.; Tofthagen, Cindy; Advani, Pooja; Mussallem, Dawn; Zambroski, Cheryl; Visovsky, Constance",NURSING RESEARCH,2025,10.1097/NNR.0000000000000831,4,breast; financial stress; neoplasm metastasis; social support,Article,https://www.webofscience.com/api/gateway?GWVersion=2&SrcApp=wos-lit-review_kkk&SrcAuth=WosAPI&KeyUT=WOS:001513801100006&DestLinkType=FullRecord&DestApp=WOS_CPL,wos_unmet_care_supplement
WOS:001514758600001,"SUPPORT MY WAY: Supporting Young People After Treatment for Cancer: What Is Needed, When This Is Needed and How This Can Be Best Delivered","Collaco, Nicole; Ralph, Charlotte; Dawes, Peter; Darlington, Anne-Sophie; Davies, Andrew; Ramanujachar, Ramya; Hooker, Louise; Sodergren, Samantha",CURRENT ONCOLOGY,2025,10.3390/curroncol32060361,1,post treatment support; teenagers and young adults; cancer; oncology; cancer survivorship,Article,https://www.webofscience.com/api/gateway?GWVersion=2&SrcApp=wos-lit-review_kkk&SrcAuth=WosAPI&KeyUT=WOS:001514758600001&DestLinkType=FullRecord&DestApp=WOS_CPL,wos_unmet_care_supplement
WOS:001519302000001,"Mental Health Care Utilization, Unmet Care Needs, and Barriers to Receiving Care in Adolescence Among Transgender and Nonbinary Young Adults","Sequeira, Gina M.; Kahn, Nicole F.; Hernandez, Marlene Chamonica; Lucas, Ruby; Kidd, Kacie M.; Kyweluk, Moira; Pratt, Wanda; Christakis, Dimitri; Danzo, Sarah; Richardson, Laura P.",TRANSGENDER HEALTH,2025,10.1089/trgh.2024.0140,0,adolescent mental health; gender-affirming medical care (GAMC); mental health; transgender; transgender and nonbinary (TNB),Article,https://www.webofscience.com/api/gateway?GWVersion=2&SrcApp=wos-lit-review_kkk&SrcAuth=WosAPI&KeyUT=WOS:001519302000001&DestLinkType=FullRecord&DestApp=WOS_CPL,wos_unmet_care_supplement
WOS:001522072900001,Internet-based healthcare services use patterns and barriers among middle-aged and older adults in China: a cross-sectional study,"Wang, Ziyu; Yu, Pingping; Yue, Zhihao; Ren, Qiaoqiao; Yan, Zeyu; Ma, Yue; Chen, Chaoyi; Liu, Chaojie; Hao, Yanhua",BMC PUBLIC HEALTH,2025,10.1186/s12889-025-23338-3,5,Internet Medical Services; Telemedicine; Healthcare Utilization; Digital Health Adoption; Digital Health Equity; Middle-Aged and Older Adults; Aging Populations; China; Digital Literacy; Chronic Diseases,Article,https://www.webofscience.com/api/gateway?GWVersion=2&SrcApp=wos-lit-review_kkk&SrcAuth=WosAPI&KeyUT=WOS:001522072900001&DestLinkType=FullRecord&DestApp=WOS_CPL,wos_unmet_care_supplement
WOS:001528066000001,Health-related quality of life and unmet care needs among older adults in Medical and Nursing Care Integrated Institutions,"Qiao, Yiwei; Chen, Siyi; Tan, Jialong; Chen, Shuaizhen; Li, Qiao; Zhu, Yuying; Chen, Chen",GERIATRIC NURSING,2025,10.1016/j.gerinurse.2025.103403,1,Health-related quality of life; CANE; Unmet long-term care needs; Long-term care institutions,Article,https://www.webofscience.com/api/gateway?GWVersion=2&SrcApp=wos-lit-review_kkk&SrcAuth=WosAPI&KeyUT=WOS:001528066000001&DestLinkType=FullRecord&DestApp=WOS_CPL,wos_unmet_care_supplement
WOS:001534003700001,Urban-rural disparities in unmet care needs among disabled older adults across regions in China: Evidence from national representative longitudinal survey,"Wu, Yue; Bai, Ruhai; Dong, Wanyue",GERIATRIC NURSING,2025,10.1016/j.gerinurse.2025.103465,5,Urban-rural disparities; Unmet care needs; Disabled older adults; Blinder-oaxaca decomposition,Article,https://www.webofscience.com/api/gateway?GWVersion=2&SrcApp=wos-lit-review_kkk&SrcAuth=WosAPI&KeyUT=WOS:001534003700001&DestLinkType=FullRecord&DestApp=WOS_CPL,wos_unmet_care_supplement
WOS:001540224000001,Shedding Light on an Invisible Population in Geriatric Medicine: A Scoping Review of Older Adults Who Are Homebound,"McManus, Caoimhe; Oseroff, Benjamin H.; Zimbroff, Robert M.; Riser, Tiffany J.; Ornstein, Katherine A.; Sheehan, Orla C.",JOURNAL OF THE AMERICAN GERIATRICS SOCIETY,2025,10.1111/jgs.19620,6,home-based care; homebound; scoping review,Review,https://www.webofscience.com/api/gateway?GWVersion=2&SrcApp=wos-lit-review_kkk&SrcAuth=WosAPI&KeyUT=WOS:001540224000001&DestLinkType=FullRecord&DestApp=WOS_CPL,wos_unmet_care_supplement
WOS:001540741200001,Black-White Differences in Long-Term Services and Supports (LTSS) Deserts: Implications for Unmet Care Needs,"Fabius, Chanee D.; Thomas, Kali S.; Cornman, Jennifer C.; Freedman, Vicki A.",JOURNAL OF THE AMERICAN MEDICAL DIRECTORS ASSOCIATION,2025,10.1016/j.jamda.2025.105758,1,Long-term services and supports; disparities; place-based,Article,https://www.webofscience.com/api/gateway?GWVersion=2&SrcApp=wos-lit-review_kkk&SrcAuth=WosAPI&KeyUT=WOS:001540741200001&DestLinkType=FullRecord&DestApp=WOS_CPL,wos_unmet_care_supplement
WOS:001550572500001,Older adults' care networks and the pathways to unmet needs,"Savla, Jyoti; Wang, Zhe",INNOVATION IN AGING,2025,10.1093/geroni/igaf063,2,care mix; informal support; formal services ADL/IADL limitations,Article,https://www.webofscience.com/api/gateway?GWVersion=2&SrcApp=wos-lit-review_kkk&SrcAuth=WosAPI&KeyUT=WOS:001550572500001&DestLinkType=FullRecord&DestApp=WOS_CPL,wos_unmet_care_supplement
WOS:001551807900001,Understanding Inequality Within a Personalised System of Disability Support: Australian Children With Disabilities' Unmet Support Needs,"O'Flaherty, Martin; Hill, Jessica; Smith-Merry, Jennifer",AUSTRALIAN JOURNAL OF SOCIAL ISSUES,2026,10.1002/ajs4.70062,1,Australia; children; disability; National Disability Insurance Scheme; personalisation; unmet needs,Article,https://www.webofscience.com/api/gateway?GWVersion=2&SrcApp=wos-lit-review_kkk&SrcAuth=WosAPI&KeyUT=WOS:001551807900001&DestLinkType=FullRecord&DestApp=WOS_CPL,wos_unmet_care_supplement
WOS:001553542100001,Perinatal depressive symptoms and received support from health professionals: results from the national FinChildren survey,"Kesanto-Jokipolvi, Heidi; Kiviruusu, Olli; Vuorenmaa, Maaret; Ervasti, Eetu; Klemetti, Reija",SCANDINAVIAN JOURNAL OF PRIMARY HEALTH CARE,2026,10.1080/02813432.2025.2546428,0,Mental health; parents; depression; prenatal; postpartum; support; health professionals,Article,https://www.webofscience.com/api/gateway?GWVersion=2&SrcApp=wos-lit-review_kkk&SrcAuth=WosAPI&KeyUT=WOS:001553542100001&DestLinkType=FullRecord&DestApp=WOS_CPL,wos_unmet_care_supplement
WOS:001560790800001,"Effects of Continuous Medicaid Coverage in 2020-2023 on Children's Health Insurance Coverage, Access to Care, Health Services Use by Type, and Health Status","Lyu, Wei; Wehby, George L.",HEALTH SERVICES RESEARCH,2026,10.1111/1475-6773.70034,1,access to care; children; health insurance coverage; health status; insurance continuity; Medicaid,Article,https://www.webofscience.com/api/gateway?GWVersion=2&SrcApp=wos-lit-review_kkk&SrcAuth=WosAPI&KeyUT=WOS:001560790800001&DestLinkType=FullRecord&DestApp=WOS_CPL,wos_unmet_care_supplement
WOS:001562246900001,Real World Data Identifies Care Needs in Adolescent and Young Adult Patients with Lymphoma: A Matched Cohort Study,"Mariano, John; Strawderman, Myla; Snyder, Eric; Faugh, Tina; Wallace, Danielle S.; Zent, Clive S.; Barr, Paul; Reagan, Patrick M.; Friedberg, Jonathan W.; Casulo, Carla",JOURNAL OF ADOLESCENT AND YOUNG ADULT ONCOLOGY,2026,10.1177/21565333251370939,0,lymphoma; supportive care; adolescent and young adult,Article,https://www.webofscience.com/api/gateway?GWVersion=2&SrcApp=wos-lit-review_kkk&SrcAuth=WosAPI&KeyUT=WOS:001562246900001&DestLinkType=FullRecord&DestApp=WOS_CPL,wos_unmet_care_supplement
WOS:001579598100001,Unmet Supportive Care Needs in Cancer Survivors in Spain: A Multicentre Cross-Sectional Study on Prevalence and Sociodemographic and Disease-Related Risk Factors,"Andreu, Yolanda; Gil-Julia, Beatriz; Picazo, Carmen; Garcia-Conde, Ana; Soto-Rubio, Ana",CURRENT ONCOLOGY,2025,10.3390/curroncol32090524,1,cancer survivors; quality of life; unmet care needs; supportive care; risk factors,Article,https://www.webofscience.com/api/gateway?GWVersion=2&SrcApp=wos-lit-review_kkk&SrcAuth=WosAPI&KeyUT=WOS:001579598100001&DestLinkType=FullRecord&DestApp=WOS_CPL,wos_unmet_care_supplement
WOS:001586302300001,Housing quality and suitability and older people's use of formal and unpaid care,"Brimblecombe, Nicola; Cartagena-Farias, Javiera; Stevens, Madeleine; Rajagopalan, Jayeeta; Hu, Bo",HOUSING STUDIES,2026,10.1080/02673037.2025.2565233,0,Housing; housing problems; long-term/social care; formal care; unpaid care; unmet need for care,Article,https://www.webofscience.com/api/gateway?GWVersion=2&SrcApp=wos-lit-review_kkk&SrcAuth=WosAPI&KeyUT=WOS:001586302300001&DestLinkType=FullRecord&DestApp=WOS_CPL,wos_unmet_care_supplement
WOS:001604789000001,Piloting the MIND at Home Dementia Care Navigation Program in primary care,"Ciemins, Elizabeth; Shields, Stephen; Amjad, Halima; McKinnon, Monette; Reuland, Melissa; Yang, Mia; Samus, Quincy",ALZHEIMERS & DEMENTIA-TRANSLATIONAL RESEARCH & CLINICAL INTERVENTIONS,2025,10.1002/trc2.70170,3,Alzheimer's disease; care coordination; continuity of patient care; dementia; home care services; home-based care; patient navigation; primary health care,Article,https://www.webofscience.com/api/gateway?GWVersion=2&SrcApp=wos-lit-review_kkk&SrcAuth=WosAPI&KeyUT=WOS:001604789000001&DestLinkType=FullRecord&DestApp=WOS_CPL,wos_unmet_care_supplement
WOS:001606055000001,Self-reported unmet care needs in daily activities among community-dwelling older adults with cancer: Analyses from the 2015-2019 National Health and Aging Trends Study,"Wang, Ying; Loh, Kah Poh; Williams, Annalynn M.; Jensen-Battaglia, Marielle; Norton, Sally A.; Seplaki, Christopher L.",JOURNAL OF GERIATRIC ONCOLOGY,2026,10.1016/j.jgo.2025.102796,0,Older adults; Cancer; Unmet care needs; Caregivers; Interventions,Article,https://www.webofscience.com/api/gateway?GWVersion=2&SrcApp=wos-lit-review_kkk&SrcAuth=WosAPI&KeyUT=WOS:001606055000001&DestLinkType=FullRecord&DestApp=WOS_CPL,wos_unmet_care_supplement
WOS:001589651900023,The Use of Technology by the Rural-Dwelling Caregivers of People Living With Dementia to Support Caregiving: Qualitative Interview Study,"Jolliff, Anna; Boucher, Sarah; Hill, Jordan R.; Allen-Watts, Kristen; Rodriguez, Miriam J.; Elliott, Christian; Zuraw, Matthew; Werner, Nicole E.",JMIR FORMATIVE RESEARCH,2025,10.2196/77231,1,family caregivers; informal caregivers; rural populations; rural health; digital health; information technology; qualitative research,Article,https://www.webofscience.com/api/gateway?GWVersion=2&SrcApp=wos-lit-review_kkk&SrcAuth=WosAPI&KeyUT=WOS:001589651900023&DestLinkType=FullRecord&DestApp=WOS_CPL,wos_unmet_care_supplement
WOS:001606877200002,Development and validation of assistance needs assessment scale of the home-dwelling older adults,"Huang, Lei; Yang, Weihong; Yang, Jiaqi; Jing, Panpan; Ye, Yuqing; Zhao, Yifei; Lyu, Chuanwu; Kong, Xianghan; Wang, Lina; Wang, Peng; Lin, Yan; Chen, Rui; Yao, Yue; Li, Yang",BMC GERIATRICS,2025,10.1186/s12877-025-06539-8,2,Older adults; Home-dwelling; Assistance; Need; Scale,Article,https://www.webofscience.com/api/gateway?GWVersion=2&SrcApp=wos-lit-review_kkk&SrcAuth=WosAPI&KeyUT=WOS:001606877200002&DestLinkType=FullRecord&DestApp=WOS_CPL,wos_unmet_care_supplement
WOS:001608026800001,Guiding Multiple Sclerosis Care: An Update to the 2013 Consensus Statement from the MS in the 21st Century Steering Group,"Alroughani, Raed; Celius, Elisabeth G.; Gray, Helen; Kasilingam, Elisabeth; Kruger, Paola; Montague, Amanda; Oreja-Guevara, Celia; Plant, Amber; Pontaga, Maija; Rieckmann, Peter; Ritter, Leslie; Sumelahti, Marja-Liisa",NEUROLOGY AND THERAPY,2026,10.1007/s40120-025-00849-0,0,Care; Consensus statement; Delphi consensus; Diagnosis; Management; Multiple sclerosis (MS) progression; Ageing,Article,https://www.webofscience.com/api/gateway?GWVersion=2&SrcApp=wos-lit-review_kkk&SrcAuth=WosAPI&KeyUT=WOS:001608026800001&DestLinkType=FullRecord&DestApp=WOS_CPL,wos_unmet_care_supplement
WOS:001609457300001,"What Can We Learn Four Years On? A Multi-Centre Service Evaluation Exploring Symptoms, Functional Impact, Recovery and Care Pathways in Long Covid","Lee, Cassie; Williams, Paul; Abrahams, Amiad; Darbyshire, Julie; Davies, Helen E.; De Kock, Johannes; Esmer, Umut; Jones, Samantha A.; Newey, Vicky; Scott, Janet; Smith, Nikki; Winch, Darren; Master, Harsha; Elkin, Sarah",HEALTH EXPECTATIONS,2025,10.1111/hex.70435,2,Covid-19; long Covid; long-term conditions; mixed-methods; post-Covid syndrome; service evaluation; user experience,Article,https://www.webofscience.com/api/gateway?GWVersion=2&SrcApp=wos-lit-review_kkk&SrcAuth=WosAPI&KeyUT=WOS:001609457300001&DestLinkType=FullRecord&DestApp=WOS_CPL,wos_unmet_care_supplement
WOS:001616092800001,Assessing the roles of state and family in the provision of care: a case study of Ghana,"Boakye-Yiadom, Louis; Afful-Mensah, Gloria; Yesuf, Mahmud",INTERNATIONAL JOURNAL OF CARE AND CARING,2026,10.1332/23978821Y2025D000000149,2,care typologies; state versus family; care provision; Ghana,Article,https://www.webofscience.com/api/gateway?GWVersion=2&SrcApp=wos-lit-review_kkk&SrcAuth=WosAPI&KeyUT=WOS:001616092800001&DestLinkType=FullRecord&DestApp=WOS_CPL,wos_unmet_care_supplement
WOS:001616089700001,Means-Tested welfare policies and the quiet fear of poverty amongst older people: lessons from the UK,"Purdam, Kingsley; Ebrey, Jill",POLICY STUDIES,2025,10.1080/01442872.2025.2581829,2,Financial insecurity; means-testing; older people; poverty; take-up; welfare benefits,Article; Early Access,https://www.webofscience.com/api/gateway?GWVersion=2&SrcApp=wos-lit-review_kkk&SrcAuth=WosAPI&KeyUT=WOS:001616089700001&DestLinkType=FullRecord&DestApp=WOS_CPL,wos_unmet_care_supplement
WOS:001618888300001,Impact of Premature Birth and Delayed Cuddling on Maternal Support Needs and Satisfaction With Postnatal Care and Changes in Support Over Time,"Fiess, Achim; Hartmann, Alica; Schuster, Alexander k.; Grabitz, Stephanie d.; Wackernagel, Dirk; Urschitz, Michael s.; Tesarz, Jonas; Beutel, Manfred e.; Ernst, Mareike; Mildenberger, Eva; Gissler, Sandra",CHILD CARE HEALTH AND DEVELOPMENT,2025,10.1111/cch.70170,0,delayed cuddling; maternal and paternal perceptions; parental support needs; postnatal care quality; preterm birth,Article,https://www.webofscience.com/api/gateway?GWVersion=2&SrcApp=wos-lit-review_kkk&SrcAuth=WosAPI&KeyUT=WOS:001618888300001&DestLinkType=FullRecord&DestApp=WOS_CPL,wos_unmet_care_supplement
WOS:001626767400001,The Influence of Home and Community-Based Services Program on Healthcare Utilization Among Older Adults in China,"Su, Qing; Zhong, Jing; Zhang, Wenjuan",HEALTH & SOCIAL CARE IN THE COMMUNITY,2025,10.1155/hsc/5537557,0,China; healthcare utilization; home and community-based services; older adults,Article,https://www.webofscience.com/api/gateway?GWVersion=2&SrcApp=wos-lit-review_kkk&SrcAuth=WosAPI&KeyUT=WOS:001626767400001&DestLinkType=FullRecord&DestApp=WOS_CPL,wos_unmet_care_supplement
WOS:001631029500001,"Association between organizational characteristics of community-oriented mental health facilities and treatment adequacy. A multilevel analysis from Lombardy, Italy","Corrao, Giovanni; Monzio Compagnoni, Matteo; Conflitti, Claudia; Sacchi, Paola; Lora, Antonio",FRONTIERS IN HEALTH SERVICES,2025,10.3389/frhs.2025.1655225,1,mental healthcare; healthcare services; healthcare utilization database; minimally adequate treatment; healthcare research; public health; severe mental illness; multilevel analysis,Article,https://www.webofscience.com/api/gateway?GWVersion=2&SrcApp=wos-lit-review_kkk&SrcAuth=WosAPI&KeyUT=WOS:001631029500001&DestLinkType=FullRecord&DestApp=WOS_CPL,wos_unmet_care_supplement
WOS:001631421100001,Professional Grief Among Psycho-Oncologists in Germany: A Cross-Sectional Survey Study,"Wandke, Svenja; Lang, Klaus; Harter, Martin; Oechsle, Karin; Bokemeyer, Carsten; Rutenkroger, Mareike; Scholl, Isabelle",PSYCHO-ONCOLOGY,2025,10.1002/pon.70355,0,cancer; oncology; patient death; professional grief; psycho-oncology,Article,https://www.webofscience.com/api/gateway?GWVersion=2&SrcApp=wos-lit-review_kkk&SrcAuth=WosAPI&KeyUT=WOS:001631421100001&DestLinkType=FullRecord&DestApp=WOS_CPL,wos_unmet_care_supplement
WOS:001634812100018,Unmet care needs and health outcomes among migrant elderly in India: evidence from the Longitudinal Aging Study in India (LASI),"Chandra, Rakesh",EUROPEAN JOURNAL OF PUBLIC HEALTH,2025,10.1093/eurpub/ckaf180.264,0,,Abstract,https://www.webofscience.com/api/gateway?GWVersion=2&SrcApp=wos-lit-review_kkk&SrcAuth=WosAPI&KeyUT=WOS:001634812100018&DestLinkType=FullRecord&DestApp=WOS_CPL,wos_unmet_care_supplement
WOS:001638319400001,"Feeding and swallowing in cerebral palsy: Caregiver burden, quality of life and support needs","Lewis, Raquel; Harty, Michal; Norman, Vivienne",SOUTH AFRICAN JOURNAL OF COMMUNICATION DISORDERS,2025,10.4102/sajcd.v72i2.1124,1,cerebral palsy; caregiver burden; feeding difficulties; swallowing difficulties; quality of life; support needs; South Africa; low-and middle-income countries,Article,https://www.webofscience.com/api/gateway?GWVersion=2&SrcApp=wos-lit-review_kkk&SrcAuth=WosAPI&KeyUT=WOS:001638319400001&DestLinkType=FullRecord&DestApp=WOS_CPL,wos_unmet_care_supplement
WOS:001642234000001,Estimating the costs and quality of life impact of vision loss in the population aged 50-80 years in Malta: evidence from The Malta Eye Study,"Agius, David; Mamo, Julian; Calleja, Neville; Smith, Andrew F.; Carbonaro, Francis",FRONTIERS IN PUBLIC HEALTH,2025,10.3389/fpubh.2025.1706208,1,visual impairment; ocular disease; economic burden; cost analysis; productivity losses; cataract; refractive error; visual disability,Article,https://www.webofscience.com/api/gateway?GWVersion=2&SrcApp=wos-lit-review_kkk&SrcAuth=WosAPI&KeyUT=WOS:001642234000001&DestLinkType=FullRecord&DestApp=WOS_CPL,wos_unmet_care_supplement
WOS:001643647100001,Youth receiving protection and advocacy services in the COVID-19 pandemic: Impacts and service recommendations from the perspectives of youth and their supporters,"Nicholas, David B.; Spicer, Kim; Nelson, Hilary; Zulla, Rosslynn T.; Mostert, Melissa",CHILD ABUSE & NEGLECT,2026,10.1016/j.chiabu.2025.107404,0,Youth; Child/youth protection services; Advocacy; COVID-19; Lived experience; Service recommendations,Article,https://www.webofscience.com/api/gateway?GWVersion=2&SrcApp=wos-lit-review_kkk&SrcAuth=WosAPI&KeyUT=WOS:001643647100001&DestLinkType=FullRecord&DestApp=WOS_CPL,wos_unmet_care_supplement
WOS:001643028500004,Patient-reported outcomes in patients with hematologic malignancies treated with CAR T-cell therapy in Europe,"Pennings, Elise R. A.; Spanjaart, Anne M.; Thielen, Frederick W.; Oerlemans, Simone; Fleischer, Anna; Sanges, Carmen; Da Silva, Maria Gomes; Cabrerizo, Yolanda; Lecot, Pacome; Roux-Opstaele, Lutgart; Dreuillet, Caroline; Gonzalez-Marcano, Eglys; Millan, Olga; Jaeger, Ulrich; Delgado, Julio; Luu, Maik; Huber, Barbara; Lorrain, Margot; Pina, Mariana; Kremer, Andreas; Bolanos, Natacha; Clavreul, Solene; Nier, Samantha; Liu, Roberto D. K.; Lissenberg-Witte, Birgit I.; Anguille, Bastien; Robin, Marie; Morris, Emma C.; Sureda, Anna; Preau, Marie; Pannard, Myriam; De Bock, Geertruida H.; Wagers, Scott S.; Negre, Helene; Maucort-Boulch, Delphine; Hudecek, Michael; Uyl-de Groot, Carin A.; Kersten, Marie Jose",BLOOD ADVANCES,2025,10.1182/bloodadvances.2025017081,1,,Article,https://www.webofscience.com/api/gateway?GWVersion=2&SrcApp=wos-lit-review_kkk&SrcAuth=WosAPI&KeyUT=WOS:001643028500004&DestLinkType=FullRecord&DestApp=WOS_CPL,wos_unmet_care_supplement
WOS:001645677900001,Out of sight: addressing the exclusion of LGBTQ+ people in care home research and dementia care,"McInally, Bernie John",INTERNATIONAL JOURNAL OF CARE AND CARING,2025,10.1332/23978821Y2025D000000162,0,LGBTQ+; care homes; dementia; research,Article; Early Access,https://www.webofscience.com/api/gateway?GWVersion=2&SrcApp=wos-lit-review_kkk&SrcAuth=WosAPI&KeyUT=WOS:001645677900001&DestLinkType=FullRecord&DestApp=WOS_CPL,wos_unmet_care_supplement
WOS:001652963900001,Unmet Care Needs Among Older Adults in the Americas.,"Quashie, Nekehia; Andrade, Flavia; Hu, Ting; Berg, Hayley",INNOVATION IN AGING,2025,10.1093/geroni/igaf122.4226,0,,Abstract,https://www.webofscience.com/api/gateway?GWVersion=2&SrcApp=wos-lit-review_kkk&SrcAuth=WosAPI&KeyUT=WOS:001652963900001&DestLinkType=FullRecord&DestApp=WOS_CPL,wos_unmet_care_supplement
WOS:001652965100001,Impact of Unmet Care Needs on Resilience in Multimorbid Older Adults,"Kim, Boah; Li, Lun; Wister, Andrew",INNOVATION IN AGING,2025,10.1093/geroni/igaf122.3962,0,,Abstract,https://www.webofscience.com/api/gateway?GWVersion=2&SrcApp=wos-lit-review_kkk&SrcAuth=WosAPI&KeyUT=WOS:001652965100001&DestLinkType=FullRecord&DestApp=WOS_CPL,wos_unmet_care_supplement
WOS:001652766100001,Caregiver-Provider Communication and Unmet Care Needs Among Older Adults: Evidence From NSOC and NHATS,"Liang, Jiaming; Samper-Ternent, Rafael",INNOVATION IN AGING,2025,10.1093/geroni/igaf122.2156,0,,Abstract,https://www.webofscience.com/api/gateway?GWVersion=2&SrcApp=wos-lit-review_kkk&SrcAuth=WosAPI&KeyUT=WOS:001652766100001&DestLinkType=FullRecord&DestApp=WOS_CPL,wos_unmet_care_supplement
WOS:001653053100001,Shedding Light on an Invisible Population in Geriatric Medicine: Unmet Care Needs Among Homebound Older Adults,"Sheehan, Orla; Mcmanus, Caoimhe; Ornstein, Katherine; Oseroff, Benjamin; Zimbroff, Robert; Riser, Tiffany",INNOVATION IN AGING,2025,10.1093/geroni/igaf122.1031,0,,Abstract,https://www.webofscience.com/api/gateway?GWVersion=2&SrcApp=wos-lit-review_kkk&SrcAuth=WosAPI&KeyUT=WOS:001653053100001&DestLinkType=FullRecord&DestApp=WOS_CPL,wos_unmet_care_supplement
WOS:001652738200001,HOW SOCIAL ISOLATION EXACERBATES UNMET CARE NEEDS IN OLDER ADULTS WITH DEMENTIA,"Lin, Zhuoer; Lin, Zhiyong",INNOVATION IN AGING,2025,10.1093/geroni/igaf122.582,0,,Abstract,https://www.webofscience.com/api/gateway?GWVersion=2&SrcApp=wos-lit-review_kkk&SrcAuth=WosAPI&KeyUT=WOS:001652738200001&DestLinkType=FullRecord&DestApp=WOS_CPL,wos_unmet_care_supplement
WOS:001652413200001,Beyond Family Care: How Home- and Community-Based Services Complement Family Care to Reduce Unmet Care Needs and Enhance the Well-Being Among Older Adults With Disabilities,"Wang, Shuhong; Hu, Wanyang",RESEARCH ON AGING,2026,10.1177/01640275251414989,1,subjective well-being; home- and community-based services; older adults; unmet care needs; informal family care,Article; Early Access,https://www.webofscience.com/api/gateway?GWVersion=2&SrcApp=wos-lit-review_kkk&SrcAuth=WosAPI&KeyUT=WOS:001652413200001&DestLinkType=FullRecord&DestApp=WOS_CPL,wos_unmet_care_supplement
WOS:001656282300001,Racial and Ethnic Differences in Caregiving Networks and Unmet Care Needs Among People Living With Cognitive Impairment,"Lai, Wen-Hua; Nemmers, Natasha; Tsuker, Sophia; Leggett, Amanda N.",RESEARCH ON AGING,2026,10.1177/01640275251412878,0,caregiving; network; unmet care needs; dementia; cognitive impairment; race and ethnicity,Article; Early Access,https://www.webofscience.com/api/gateway?GWVersion=2&SrcApp=wos-lit-review_kkk&SrcAuth=WosAPI&KeyUT=WOS:001656282300001&DestLinkType=FullRecord&DestApp=WOS_CPL,wos_unmet_care_supplement
WOS:001657881200001,The impact of childhood sexual and physical abuse on needs for care among people with first episode psychosis,"Tosato, Sarah; Maggioni, Lucia; Bastanzetti, Vittoria; Cristofalo, Doriana; Faravelli, Carlo; Ristic, Branko; Ruggeri, Mirella; Lasalvia, Antonio; Bonetto, Chiara",CHILD ABUSE & NEGLECT,2026,10.1016/j.chiabu.2025.107863,1,First episode psychosis; Needs for care; Sexual abuse; Physical abuse,Article,https://www.webofscience.com/api/gateway?GWVersion=2&SrcApp=wos-lit-review_kkk&SrcAuth=WosAPI&KeyUT=WOS:001657881200001&DestLinkType=FullRecord&DestApp=WOS_CPL,wos_unmet_care_supplement
WOS:001665487600001,Mapping evolving care needs in older adults with disabilities: a qualitative study,"Jin, Ya-Xin; Wang, Xiao-Pan; Gong, Li-Li; Zhang, Hong; Xie, Yong-Xiang; Ling, Xing-Hou; Chen, Qing; Yang, Da-Hang",SCIENTIFIC REPORTS,2025,10.1038/s41598-025-32338-7,0,Patient journey mapping; Care for older adults; Qualitative research; Personalized intervention; Collaborative care; Quality of life; Aging with dignity,Article,https://www.webofscience.com/api/gateway?GWVersion=2&SrcApp=wos-lit-review_kkk&SrcAuth=WosAPI&KeyUT=WOS:001665487600001&DestLinkType=FullRecord&DestApp=WOS_CPL,wos_unmet_care_supplement
WOS:001673017400001,"""My lived experience was valued"": Co-designing 'OA Champions' - A pain science-informed peer mentorship program for people with knee osteoarthritis","Wilson, Monique V.; Davis, Aaron; Braithwaite, Felicity A.; Arnold, John B.; Gwilt, Ian; Campbell, Stuart; Porton, John; Petropoulos, Olivia; Stanton, Tasha R.",JOURNAL OF PAIN,2026,10.1016/j.jpain.2026.106193,1,Peer support; Pain science education; Co-design; Knee osteoarthritis; Self-management,Article,https://www.webofscience.com/api/gateway?GWVersion=2&SrcApp=wos-lit-review_kkk&SrcAuth=WosAPI&KeyUT=WOS:001673017400001&DestLinkType=FullRecord&DestApp=WOS_CPL,wos_unmet_care_supplement
WOS:001675891800002,Perceived quality of home- and community-based services and urban-rural disparities in aging-in-place intentions: evidence from Chinese older adults,"Wang, Shuangshuang; Liu, Yuxin; Yang, Yifan",BMC GERIATRICS,2026,10.1186/s12877-025-06936-z,4,HCBS; Perception; Aging-in-place; Urban rural issues; Unmet care needs,Article,https://www.webofscience.com/api/gateway?GWVersion=2&SrcApp=wos-lit-review_kkk&SrcAuth=WosAPI&KeyUT=WOS:001675891800002&DestLinkType=FullRecord&DestApp=WOS_CPL,wos_unmet_care_supplement
WOS:001677313700002,"Psychological Distress, Quality of Life and Supportive Care Needs among Informal Cancer Caregivers","Al Kindi, Qutouf Ahmed; Al Musalami, Atika; Sultan, Alya",INDIAN JOURNAL OF PALLIATIVE CARE,2025,10.25259/IJPC_148_2025,1,Cancer caregivers; Psychological distress; Quality of life; Unmet supportive care needs,Article,https://www.webofscience.com/api/gateway?GWVersion=2&SrcApp=wos-lit-review_kkk&SrcAuth=WosAPI&KeyUT=WOS:001677313700002&DestLinkType=FullRecord&DestApp=WOS_CPL,wos_unmet_care_supplement
WOS:001689940200001,The impact of expanding the PACE clinic: Closing the gap by including complex presentations in youth mental health,"O'Byrne, Kevin; Lo Buglio, Gabriele; Girardi, Paolo; Boldrini, Tommaso; Gee, Donna; Hancock, Ashlee; McGorry, Patrick; Nelson, Barnaby; Stratford, John; Thompson, Andrew; Yung, Alison; Lavoie, Suzie; Polari, Andrea",ASIAN JOURNAL OF PSYCHIATRY,2026,10.1016/j.ajp.2026.104886,2,ARMS; Transition to psychosis; Quality assurance,Article,https://www.webofscience.com/api/gateway?GWVersion=2&SrcApp=wos-lit-review_kkk&SrcAuth=WosAPI&KeyUT=WOS:001689940200001&DestLinkType=FullRecord&DestApp=WOS_CPL,wos_unmet_care_supplement
WOS:001695685000001,"Health, nursing care, and medical needs of homeless and housing-insecure people - a scoping review","Sporhase, Michelle Madeleine; Hasseler, Martina",JOURNAL OF PUBLIC HEALTH-HEIDELBERG,2026,10.1007/s10389-025-02674-z,0,Homlessness; Housing instabilities; Health inequalities; Unmet care needs; Health,Article; Early Access,https://www.webofscience.com/api/gateway?GWVersion=2&SrcApp=wos-lit-review_kkk&SrcAuth=WosAPI&KeyUT=WOS:001695685000001&DestLinkType=FullRecord&DestApp=WOS_CPL,wos_unmet_care_supplement
WOS:001695432200001,"Family Structure and Unmet Care Needs Among Older Adults With and Without Dementia in the United States (vol 65, gnaf062, 2025)","Patterson, Sarah E.; Freedman, Vicki A.",GERONTOLOGIST,2026,10.1093/geront/gnaf235,0,,Correction,https://www.webofscience.com/api/gateway?GWVersion=2&SrcApp=wos-lit-review_kkk&SrcAuth=WosAPI&KeyUT=WOS:001695432200001&DestLinkType=FullRecord&DestApp=WOS_CPL,wos_unmet_care_supplement
WOS:001698108300001,Care for deficits in activities of daily living (ADL) and instrumental ADL and unmet care needs among Austrians aged 65 and over,"Dorner, Thomas Ernst; Stein, Katharina Viktoria; Gisinger, Christoph",WIENER MEDIZINISCHE WOCHENSCHRIFT,2026,10.1007/s10354-026-01133-y,1,Gerontology; Disabilities; Functioning; Predictors; Public health; Gerontologie; Behinderungen; Funktionsf & auml;higkeit; Pr & auml;diktoren; & Ouml;ffentliches Gesundheitswesen,Article,https://www.webofscience.com/api/gateway?GWVersion=2&SrcApp=wos-lit-review_kkk&SrcAuth=WosAPI&KeyUT=WOS:001698108300001&DestLinkType=FullRecord&DestApp=WOS_CPL,wos_unmet_care_supplement
WOS:001697249200001,Aging and rare diseases: from epidemiology to a call to action,"Mazzucato, Monica; Fanton, Giulia; Vianello, Andrea; Minichiello, Cinzia; Visona Dalla Pozza, Laura; Toto, Ema; Pastori, Laura; Ceolin, Chiara; De Rui, Marina; Coin, Alessandra; Perilongo, Giorgio; Sergi, Giuseppe",EUROPEAN GERIATRIC MEDICINE,2026,10.1007/s41999-025-01351-4,1,Aging; Rare disease; Registry; Care transition; ORPHAcodes; Epidemiology,Article,https://www.webofscience.com/api/gateway?GWVersion=2&SrcApp=wos-lit-review_kkk&SrcAuth=WosAPI&KeyUT=WOS:001697249200001&DestLinkType=FullRecord&DestApp=WOS_CPL,wos_unmet_care_supplement
WOS:001703227500001,Development and psychometric validation of the measure of alternative care and support (MACS) for community-dwelling older adults,"Mohan, Anu; Jaihind Jothikaran, Teddy Andrews; Lakshmi, R. Vani; Ashok, Lena",COGENT SOCIAL SCIENCES,2026,10.1080/23311886.2026.2632886,0,Alternative care; older adults ageing alone; MACS; psychometric validation; tool development; care and support,Article,https://www.webofscience.com/api/gateway?GWVersion=2&SrcApp=wos-lit-review_kkk&SrcAuth=WosAPI&KeyUT=WOS:001703227500001&DestLinkType=FullRecord&DestApp=WOS_CPL,wos_unmet_care_supplement
WOS:001705446100001,Radiation-specific sexual and reproductive health challenges in adolescent and young adults assigned female at birth: a mixed-methods study of unmet needs post pelvic radiotherapy,"Devaraja, Kaviya; Sachdeva, Anjali; Gandhi, Karina; Gupta, Abha A.; Croke, Jennifer",GYNECOLOGIC ONCOLOGY REPORTS,2026,10.1016/j.gore.2026.102051,0,SRH; Adolescent and young adult; Sexual dysfunction; Fertility; Pelvic radiotherapy; Cancer; Gynecological malignancies,Article,https://www.webofscience.com/api/gateway?GWVersion=2&SrcApp=wos-lit-review_kkk&SrcAuth=WosAPI&KeyUT=WOS:001705446100001&DestLinkType=FullRecord&DestApp=WOS_CPL,wos_unmet_care_supplement
WOS:001719369500001,"Infertility, anxiety, and depression among adolescents and young adults with cancer: the Mexico Cancer Survivorship Registry","Medina, Heidy N.; Moreno, Patricia, I; Penedo, Frank J.; Ortega, Johis; Ruiz-Garcia, Erika; Patrizio, Pasquale; Vazquez, Oscar Galindo",ONCOLOGIST,2026,10.1093/oncolo/oyag062,0,adolescents and young adults; cancer survivor; infertility; distress; anxiety; depression; Mexico,Article,https://www.webofscience.com/api/gateway?GWVersion=2&SrcApp=wos-lit-review_kkk&SrcAuth=WosAPI&KeyUT=WOS:001719369500001&DestLinkType=FullRecord&DestApp=WOS_CPL,wos_unmet_care_supplement
WOS:001720837000001,Unmet Care Needs and Influencing Factors Among Young and Middle-Aged Kidney Transplant Recipients at Home in China: A Cross-Sectional Study,"Hu, Na; Chang, Tiantian; Wang, Aiping",NURSING OPEN,2026,10.1002/nop2.70500,0,cross-sectional study; kidney transplant recipients; unmet care needs; young and middle-aged,Article,https://www.webofscience.com/api/gateway?GWVersion=2&SrcApp=wos-lit-review_kkk&SrcAuth=WosAPI&KeyUT=WOS:001720837000001&DestLinkType=FullRecord&DestApp=WOS_CPL,wos_unmet_care_supplement
WOS:001728709500001,Mind the heart - emotional and behavioural difficulties in Danish children and adolescents with ventricular septal defects,"Hejl, Julie L.; Lau-Jensen, Sara H.; Ford, Tamsin; Lauritsen, Marlene B.; Hjortdal, Vibeke E.; Rask, Charlotte U.",NORDIC JOURNAL OF PSYCHIATRY,2026,10.1080/08039488.2026.2648317,0,Congenital heart defects; SDQ; emotional and behavioural difficulties; liaison,Article,https://www.webofscience.com/api/gateway?GWVersion=2&SrcApp=wos-lit-review_kkk&SrcAuth=WosAPI&KeyUT=WOS:001728709500001&DestLinkType=FullRecord&DestApp=WOS_CPL,wos_unmet_care_supplement
WOS:001730690400005,Unexpressed Support Needs and Social Distress in Working-Age Cancer Survivors: A Web-Based Cross-Sectional Study in Japan,"Hisamura, Kazuho; Kimura, Miyo; Motoo, Yoshiharu; Yoshikawa, Eisho",JOURNAL OF NIPPON MEDICAL SCHOOL,2026,10.1272/jnms.JNMS.2026_93-110,0,neoplasms; social support; psychosocial deprivation; unmet needs; adult,Article,https://www.webofscience.com/api/gateway?GWVersion=2&SrcApp=wos-lit-review_kkk&SrcAuth=WosAPI&KeyUT=WOS:001730690400005&DestLinkType=FullRecord&DestApp=WOS_CPL,wos_unmet_care_supplement
WOS:001732250100001,'There's No Improvement. I'm Still Bedridden': Recovery After Hospital Admission for Low Back Pain and Alignment With Patient Expectations,"Orlando, Joseph F.; Beard, Matthew; Burke, Anne L. J.; Guerin, Michelle; Kumar, Saravana",MUSCULOSKELETAL CARE,2026,10.1002/msc.70216,1,delivery of health care; determination of health care needs; hospitalisation; low back pain; qualitative research; treatment expectations,Article,https://www.webofscience.com/api/gateway?GWVersion=2&SrcApp=wos-lit-review_kkk&SrcAuth=WosAPI&KeyUT=WOS:001732250100001&DestLinkType=FullRecord&DestApp=WOS_CPL,wos_unmet_care_supplement
WOS:001735078300001,"Phosphatidylethanol testing: patterns, demographic and clinical correlates, and outcomes","Nadella, Pranay; Oles, William C.; Goodman, Russell P.; Zhang, Wei; Luther, Jay; Schaefer, Esperance",ALCOHOL AND ALCOHOLISM,2026,10.1093/alcalc/agag021,0,phosphatidylethanol; alcohol biomarker; hospital encounters; clinical outcomes; self-report,Article,https://www.webofscience.com/api/gateway?GWVersion=2&SrcApp=wos-lit-review_kkk&SrcAuth=WosAPI&KeyUT=WOS:001735078300001&DestLinkType=FullRecord&DestApp=WOS_CPL,wos_unmet_care_supplement
WOS:001735019500001,"""Dental Care Is Not My Priority"": A Descriptive Qualitative Study of Experiences and Support Needs for Oral Health Self-Care in Older Adults With Type 2 Diabetes","Bao, Yaocan; Sun, Shanshuo; Su, Yixuan; Jiang, Yuting; Yu, Leyan; Zhong, Jie; Liu, Yu; Ge, Lingxia; Liang, Wei",SCIENCE OF DIABETES SELF-MANAGEMENT AND CARE,2026,10.1177/26350106261431267,0,,Article,https://www.webofscience.com/api/gateway?GWVersion=2&SrcApp=wos-lit-review_kkk&SrcAuth=WosAPI&KeyUT=WOS:001735019500001&DestLinkType=FullRecord&DestApp=WOS_CPL,wos_unmet_care_supplement
WOS:001741760800001,Do Home- and Community-Based Services Reduce Elderly Care Needs and Family Caregiving Burden? Evidence From China,"Chen, Lu; Tan, Cuilian; Chu, Lanlan",JOURNAL OF APPLIED GERONTOLOGY,2026,10.1177/07334648261443365,0,home- and community-based services (HCBS); care needs; family caregiving; older adults; China,Article; Early Access,https://www.webofscience.com/api/gateway?GWVersion=2&SrcApp=wos-lit-review_kkk&SrcAuth=WosAPI&KeyUT=WOS:001741760800001&DestLinkType=FullRecord&DestApp=WOS_CPL,wos_unmet_care_supplement
WOS:001741607600001,Addressing unmet needs in long-term survivors of ovarian cancer (ENGOT ov40/ NOGGO S13/GEICO 71-R/Expression VI) insights from a Spanish cohort,"Barretina-Ginesta, Maria-Pilar; Madariaga, Ainhoa; Gil-Martin, Marta; Ramchandani, Avinash; Pardo, Marta; Sanchez-Heras, Ana Beatriz; Churruca, Cristina; Guerra-Alia, Eva Maria; Madronal, Caterina; Fernandez-Plana, Julen; Herrero, Ana; Dotor, Emma; Esteban, Carmen; Quindos-Varela, Maria; Romeo, Margarita; Gost, Ester; Bermejo, Maria Jose; Fernandez-Chacon, Concepcion; Ferrer, Neus; Gomez-Raposo, Cesar; Tort, Silvia Catot; Eichbaum, Michael; Sehouli, Jalid; Woopen, Hannah",INTERNATIONAL JOURNAL OF GYNECOLOGICAL CANCER,2026,10.1016/j.ijgc.2025.102758,0,Ovarian Cancer Long-Term Survivor; Unmet Needs; Chronic Side Effects; Lifestyle Changes; Follow-Up Aftercare,Article,https://www.webofscience.com/api/gateway?GWVersion=2&SrcApp=wos-lit-review_kkk&SrcAuth=WosAPI&KeyUT=WOS:001741607600001&DestLinkType=FullRecord&DestApp=WOS_CPL,wos_unmet_care_supplement
WOS:001757027700001,Associations between caregiver-provider communication quality and unmet care needs among older adults,"Liang, Jiaming; Samper-Ternent, Rafael; Downer, Brian; Xie, Zhigang",BMC GERIATRICS,2026,10.1186/s12877-026-07381-2,0,Caregiver; Communication quality; Healthcare provider; Unmet care needs; Older adult,Article,https://www.webofscience.com/api/gateway?GWVersion=2&SrcApp=wos-lit-review_kkk&SrcAuth=WosAPI&KeyUT=WOS:001757027700001&DestLinkType=FullRecord&DestApp=WOS_CPL,wos_unmet_care_supplement
WOS:001760115600001,Quality of life in older adults with urinary incontinence and its impact on the stigma-care needs network: latent profile and network analysis,"He, HaoChong; Chen, YuXuan; Liu, Jian; Yan, XiaoYing",BMC GERIATRICS,2026,10.1186/s12877-026-07170-x,1,,Article,https://www.webofscience.com/api/gateway?GWVersion=2&SrcApp=wos-lit-review_kkk&SrcAuth=WosAPI&KeyUT=WOS:001760115600001&DestLinkType=FullRecord&DestApp=WOS_CPL,wos_unmet_care_supplement
WOS:001770357800001,Dementia and Parkinson's Disease in the rural population of western Salamanca: a cross-sectional study of prevalence and family support needs,"Sardon, Montserrat Alonso; Lopez, Estrella Montes; Gomez, Nuria del Alamo; Valverde, Eva Maria Picado; Macho, Amaia Yurrebaso; Delgado, Maria Antonia Martin",ATENCION PRIMARIA,2026,10.1016/j.aprim.2026.103512,0,Dementia; Alzheimer's disease; Parkinson's disease; Parkinsonism; Rural population; Family caregivers,Article,https://www.webofscience.com/api/gateway?GWVersion=2&SrcApp=wos-lit-review_kkk&SrcAuth=WosAPI&KeyUT=WOS:001770357800001&DestLinkType=FullRecord&DestApp=WOS_CPL,wos_unmet_care_supplement
WOS:001772120500001,Stroke survivors' and carers' experiences of nutritional care after stroke: a qualitative study,"Lang, Alex; Geva, Sharon; Evans, Nicholas R.; Cavallerio, Francesca; Vasconcelos e Sa, Debora; Ali, Ali; Nichols, Simon; Deb, Sanjoy K.",FRONTIERS IN STROKE,2026,10.3389/fstro.2026.1733430,0,carer burden; diet; qualitative research; reflexive thematic analysis; semi-structured interviews; stroke; unmet care needs,Article,https://www.webofscience.com/api/gateway?GWVersion=2&SrcApp=wos-lit-review_kkk&SrcAuth=WosAPI&KeyUT=WOS:001772120500001&DestLinkType=FullRecord&DestApp=WOS_CPL,wos_unmet_care_supplement
WOS:001772755600001,Gender Gap in Unmet Need for Care in Later Life: The Moderating Role of Social Deprivation,"Szenkurok, Viktoria; Weber, Daniela",HEALTH & SOCIAL CARE IN THE COMMUNITY,2026,10.1155/hsc/3358797,0,activities of daily living; care poverty; gender roles; long-term care; social deprivation index,Article,https://www.webofscience.com/api/gateway?GWVersion=2&SrcApp=wos-lit-review_kkk&SrcAuth=WosAPI&KeyUT=WOS:001772755600001&DestLinkType=FullRecord&DestApp=WOS_CPL,wos_unmet_care_supplement
WOS:001777195200001,Horizontal inequity in long-term care access under universal coverage in Japan (2001-2022),"Ping, Ruru; Hu, Bo; Oshio, Takashi",HEALTH POLICY,2026,10.1016/j.healthpol.2026.105653,0,Horizontal inequity; Long-term care utilisation; Long-term care insurance; Universal coverage; Japan,Article,https://www.webofscience.com/api/gateway?GWVersion=2&SrcApp=wos-lit-review_kkk&SrcAuth=WosAPI&KeyUT=WOS:001777195200001&DestLinkType=FullRecord&DestApp=WOS_CPL,wos_unmet_care_supplement
WOS:001781029700001,The Future Availability of Family Caregivers: Implications for Late-Life Care Gaps,"Freedman, Vicki A.; Margolis, Rachel; Verdery, Ashton M.; Agree, Emily M.; Friedman, Esther M.",POPULATION RESEARCH AND POLICY REVIEW,2026,10.1007/s11113-026-10016-4,0,Population aging; Caregiving; Family demography; Projections; Long-term care,Article,https://www.webofscience.com/api/gateway?GWVersion=2&SrcApp=wos-lit-review_kkk&SrcAuth=WosAPI&KeyUT=WOS:001781029700001&DestLinkType=FullRecord&DestApp=WOS_CPL,wos_unmet_care_supplement
WOS:001785543600001,Exploring the palliative care needs of patients with heart failure: A qualitative study,"Shushtari, Sima Sadat Ghaemizade; Gheibizadeh, Mahin; Rassouli, Maryam; Rokhafroz, Dariush; Jahani, Simin; Torfi, Ekhlas",INTERNATIONAL JOURNAL OF PALLIATIVE NURSING,2026,10.12968/ijpn.2025.0013,0,caregiver burden; end-of-life care; heart failure; palliative care,Article,https://www.webofscience.com/api/gateway?GWVersion=2&SrcApp=wos-lit-review_kkk&SrcAuth=WosAPI&KeyUT=WOS:001785543600001&DestLinkType=FullRecord&DestApp=WOS_CPL,wos_unmet_care_supplement
WOS:001788473800001,Unmet needs and fall risk among older adults: evidence from Europe using SHARE data,"Kingsada, Aimee; McHugh, John P.; Rapp, Thomas; Sicsic, Jonathan",EUROPEAN JOURNAL OF PUBLIC HEALTH,2026,10.1093/eurpub/ckag088,0,,Article,https://www.webofscience.com/api/gateway?GWVersion=2&SrcApp=wos-lit-review_kkk&SrcAuth=WosAPI&KeyUT=WOS:001788473800001&DestLinkType=FullRecord&DestApp=WOS_CPL,wos_unmet_care_supplement
WOS:001791797900001,Caregivers' perceptions of health-related aspects in Fragile X syndrome in Poland - a survey study,"Polat, Kornelia; Ambrozy, Cecylia; Milska-Musa, Katarzyna; Kulisiak-Kazmierczak, Joanna; Zemajtys, Agata; Wierzba, Jolanta; Irga-Jaworska, Ninela; Sledzinska, Karolina",INTERNATIONAL JOURNAL OF DEVELOPMENTAL DISABILITIES,2026,10.1080/20473869.2026.2680273,0,Fragile X syndrome; health-related quality of life (HRQoL); multidisciplinary care; caregiver perspective; caregiver satisfaction; healthcare access,Article; Early Access,https://www.webofscience.com/api/gateway?GWVersion=2&SrcApp=wos-lit-review_kkk&SrcAuth=WosAPI&KeyUT=WOS:001791797900001&DestLinkType=FullRecord&DestApp=WOS_CPL,wos_unmet_care_supplement
WOS:001791397500001,Aging in institutions in East Asia: Care poverty pathways among older adults with intellectual disabilities,"Chou, Yueh-Ching; Chen, Bo-Wei; Kroger, Teppo",HEALTH & PLACE,2026,10.1016/j.healthplace.2026.103688,0,Intellectual disabilities; Deinstitutionalization; Institutional care; Care poverty; Welfare landscapes; Gender pathway,Article,https://www.webofscience.com/api/gateway?GWVersion=2&SrcApp=wos-lit-review_kkk&SrcAuth=WosAPI&KeyUT=WOS:001791397500001&DestLinkType=FullRecord&DestApp=WOS_CPL,wos_unmet_care_supplement
WOS:001793607400001,Bus transit to wellbeing: active aging pathways in China's most aged megacity,"Liu, Wanting; Yu, Jie; Zhao, Jing; Liu, Xiaofei",TRANSPORTATION RESEARCH PART D-TRANSPORT AND ENVIRONMENT,2026,10.1016/j.trd.2026.105449,1,Older adults; Service quality; Perceived health; Life satisfaction; Mixed-methods,Article,https://www.webofscience.com/api/gateway?GWVersion=2&SrcApp=wos-lit-review_kkk&SrcAuth=WosAPI&KeyUT=WOS:001793607400001&DestLinkType=FullRecord&DestApp=WOS_CPL,wos_unmet_care_supplement
WOS:001793563700001,When stigma hits home: A mixed methods study of affiliate stigma among epilepsy care partners,"Prieto, Sarah; Larracey, Emma T.; Hernandez-Vallant, Alexandra; Rahilly, Madeline; Goldstein, Allyson; Kaden, Wren; Tremont, Geoffrey; Kiriakopoulos, Elaine T.; Davis, Jennifer; Margolis, Seth A.",EPILEPSY & BEHAVIOR,2026,10.1016/j.yebeh.2026.111148,0,Affiliate stigma; Caregiver burden; Family functioning; Mixed-methods; Coping strategies; Qualitative research,Article,https://www.webofscience.com/api/gateway?GWVersion=2&SrcApp=wos-lit-review_kkk&SrcAuth=WosAPI&KeyUT=WOS:001793563700001&DestLinkType=FullRecord&DestApp=WOS_CPL,wos_unmet_care_supplement
WOS:001794705700001,The dual burden of a rare cancer: psychosocial impact of disease symptoms and unmet care needs in cutaneous T-cell lymphoma,"Wacker, Alina; Stucke, Jana; Stadler, Rudolf; Steinke, Sabine",FRONTIERS IN PSYCHOLOGY,2026,10.3389/fpsyg.2026.1786000,0,cutaneous T-cell lymphoma; health-related quality of life; patient experiences; psychosocial burden; qualitative research; rare diseases; unmet care needs,Article,https://www.webofscience.com/api/gateway?GWVersion=2&SrcApp=wos-lit-review_kkk&SrcAuth=WosAPI&KeyUT=WOS:001794705700001&DestLinkType=FullRecord&DestApp=WOS_CPL,wos_unmet_care_supplement
WOS:001798914500002,Concurrent mental health and substance use disorders among Canadian adults during the COVID-19 pandemic: a population-based study,"Feng, Cindy; Asbridge, Mark",HEALTH PROMOTION AND CHRONIC DISEASE PREVENTION IN CANADA-RESEARCH POLICY AND PRACTICE,2026,10.24095/hpcdp.46.6.02,0,concurrent disorders; mental health disorders; substance use disorders; COVID-19 pandemic,Article,https://www.webofscience.com/api/gateway?GWVersion=2&SrcApp=wos-lit-review_kkk&SrcAuth=WosAPI&KeyUT=WOS:001798914500002&DestLinkType=FullRecord&DestApp=WOS_CPL,wos_unmet_care_supplement
WOS:001798547700001,"""The absolute dearth of resources"": Challenges and unmet support needs for emerging adult siblings of individuals with neurodevelopmental conditions in regional and remote Australia","Antonio, Samuel; Jamieson, Kate; Dorozenko, Kate P.; Glasson, Emma J.; Maxwell-Smith, Chloe",RESEARCH IN DEVELOPMENTAL DISABILITIES,2026,10.1016/j.ridd.2026.105331,0,Neurodevelopmental disorder; Rural Australia; Sibling wellbeing; Unmet needs; Mental health,Article,https://www.webofscience.com/api/gateway?GWVersion=2&SrcApp=wos-lit-review_kkk&SrcAuth=WosAPI&KeyUT=WOS:001798547700001&DestLinkType=FullRecord&DestApp=WOS_CPL,wos_unmet_care_supplement
WOS:001800877300001,"Developmental literacy and epistemic dignity as primary child protection: a developmentally staged, disability-inclusive public-health framework for preventing adverse childhood experiences","Niederlohmann, Eik",FRONTIERS IN PUBLIC HEALTH,2026,10.3389/fpubh.2026.1862974,0,adverse childhood experiences; developmental literacy; epistemic dignity; health-promoting schools; implementation science; neurodiversity; nurturing care; primary child protection,Article,https://www.webofscience.com/api/gateway?GWVersion=2&SrcApp=wos-lit-review_kkk&SrcAuth=WosAPI&KeyUT=WOS:001800877300001&DestLinkType=FullRecord&DestApp=WOS_CPL,wos_unmet_care_supplement
WOS:001800662000001,Factors associated with life satisfaction of Korean older adults with disabilities living alone: a cross-sectional study using the ICF framework,"Han, Song Yi; Ko, Young; Jang, Hye-Young",FRONTIERS IN PUBLIC HEALTH,2026,10.3389/fpubh.2026.1812101,0,environmental factor; ICF model; life satisfaction; living alone; older adults with disabilities,Article,https://www.webofscience.com/api/gateway?GWVersion=2&SrcApp=wos-lit-review_kkk&SrcAuth=WosAPI&KeyUT=WOS:001800662000001&DestLinkType=FullRecord&DestApp=WOS_CPL,wos_unmet_care_supplement
WOS:001810106700001,A dynamic approach to unmet needs in long-term care for older people across Europe,"Rodrigues, Ricardo; Kontrus, Victoria; Steinlechner, Rebekka; Hopf, Stefan; Marques, Susana R.",INNOVATION IN AGING,2026,10.1093/geroni/igag042,0,Trajectories; Inequalities; Latent profile analysis; Longitudinal data,Article,https://www.webofscience.com/api/gateway?GWVersion=2&SrcApp=wos-lit-review_kkk&SrcAuth=WosAPI&KeyUT=WOS:001810106700001&DestLinkType=FullRecord&DestApp=WOS_CPL,wos_unmet_care_supplement
WOS:001813814900002,Unmet care needs among older people in residential care: a scoping review,"Xie, Fen; Daly, Louise; Tang, Ludan; Eustace-Cook, Jessica; Brady, Anne-Marie",BMC GERIATRICS,2026,10.1186/s12877-026-07636-y,0,Unmet care needs; older people; residential care; scoping review,Review,https://www.webofscience.com/api/gateway?GWVersion=2&SrcApp=wos-lit-review_kkk&SrcAuth=WosAPI&KeyUT=WOS:001813814900002&DestLinkType=FullRecord&DestApp=WOS_CPL,wos_unmet_care_supplement
WOS:001816859500003,The impact of multidimensional mutual-aid care services on social functions: evidence from a case study in China,"He, Ye; Xu, Jia; An, Jianzeng",BMC HEALTH SERVICES RESEARCH,2026,10.1186/s12913-026-14669-x,0,Mutual-aid care service; Social function; Older adult; Qualitative case study; Policy alignment; Aging population,Article,https://www.webofscience.com/api/gateway?GWVersion=2&SrcApp=wos-lit-review_kkk&SrcAuth=WosAPI&KeyUT=WOS:001816859500003&DestLinkType=FullRecord&DestApp=WOS_CPL,wos_unmet_care_supplement
WOS:001822602800001,"Caring amid crisis: a qualitative study of caregivers' experiences, wellbeing, and support for older adults","Boamah, Sheila A.; Kovalik, Kyla J.",FRONTIERS IN PUBLIC HEALTH,2026,10.3389/fpubh.2026.1848846,0,care coordination; caregiver experiences; health and social care systems; older adults; Ontario; quality of life; unpaid caregivers,Article,https://www.webofscience.com/api/gateway?GWVersion=2&SrcApp=wos-lit-review_kkk&SrcAuth=WosAPI&KeyUT=WOS:001822602800001&DestLinkType=FullRecord&DestApp=WOS_CPL,wos_unmet_care_supplement
WOS:001823256700001,Perceived need for social services among Chinese older adults with disability in activities of daily living: The role of unmet need for care and available social services,"Zhu, Haiyan; Sautter, Jessica; Gu, Danan",AGING AND HEALTH RESEARCH,2026,10.1016/j.ahr.2026.100289,0,Unmet need for care; Social services; Old-age care; CLHLS; China,Article,https://www.webofscience.com/api/gateway?GWVersion=2&SrcApp=wos-lit-review_kkk&SrcAuth=WosAPI&KeyUT=WOS:001823256700001&DestLinkType=FullRecord&DestApp=WOS_CPL,wos_unmet_care_supplement
WOS:001825175700010,"Trends In Care Needs Among Older US Adults Diverged By Age, 2011-22","Freedman, Vicki A.; Patterson, Sarah E.; Cornman, Jennifer C.; Wolff, Jennifer L.",HEALTH AFFAIRS,2026,10.1377/hlthaff.2025.01355,0,,Article,https://www.webofscience.com/api/gateway?GWVersion=2&SrcApp=wos-lit-review_kkk&SrcAuth=WosAPI&KeyUT=WOS:001825175700010&DestLinkType=FullRecord&DestApp=WOS_CPL,wos_unmet_care_supplement
WOS:001831560100001,Coping with an Uncertain or Poor Cancer Prognosis as an Adolescent or Young Adult: A Cross-Sectional Cluster Analysis,"Reuvers, Milou J. P.; van der Graaf, Winette T. A.; Husson, Olga; Azarang, Leyla",CURRENT ONCOLOGY,2026,10.3390/curroncol33070376,0,adolescents and young adults; oncology; uncertain or poor cancer prognosis; cluster analysis; quality of life,Article,https://www.webofscience.com/api/gateway?GWVersion=2&SrcApp=wos-lit-review_kkk&SrcAuth=WosAPI&KeyUT=WOS:001831560100001&DestLinkType=FullRecord&DestApp=WOS_CPL,wos_unmet_care_supplement
WOS:001836055800001,Health and social characteristics of autistic adults in the UK-wide Adult Autism Spectrum Cohort (ASC-UK): A cross-sectional study,"Brice, S.; Petrou, A. M.; Hamilton, J.; McConachie, H.; Le Couteur, A.; Ingham, B.; Wilson, C.; Hardy, R.; Berney, T.; Mason, D.; Garland, D.; Parr, J. R.",RESEARCH IN AUTISM,2026,10.1016/j.reia.2026.202963,0,Autistic adults; Mental health; Physical health; Social; Cohort,Article,https://www.webofscience.com/api/gateway?GWVersion=2&SrcApp=wos-lit-review_kkk&SrcAuth=WosAPI&KeyUT=WOS:001836055800001&DestLinkType=FullRecord&DestApp=WOS_CPL,wos_unmet_care_supplement
WOS:001851660600001,"""Am I ever going to find myself again?"": Identity destabilization in patients with isocitrate dehydrogenase-mutant gliomas","Chiu, Daniel; Willis, Kelcie D.; Whitman, Jessica D.; Strander, Sumita M.; Merker, Vanessa L.; Temel, Jennifer S.; Traeger, Lara; Forst, Deborah A.",NEURO-ONCOLOGY PRACTICE,2026,10.1093/nop/npag077,0,IDH-mutant glioma; identity; qualitative research; quality of life; supportive care,Article; Early Access,https://www.webofscience.com/api/gateway?GWVersion=2&SrcApp=wos-lit-review_kkk&SrcAuth=WosAPI&KeyUT=WOS:001851660600001&DestLinkType=FullRecord&DestApp=WOS_CPL,wos_unmet_care_supplement
WOS:001854362700001,National prevalence and care needs of dementia in adults aged ≥55 years: Findings from the china mental health survey summary box,"Liu, Zhaorui; Xu, Guangming; Ding, Ruoxi; Ma, Chao; Huang, Yueqin; Li, Lingjiang; Zhang, Tingting; Yan, Jie; Yu, Yaqin; Xu, Xiufeng; Wang, Zhizhong; Xu, Yifeng; Li, Tao; Yin, Huifang; Xu, Xiangdong; Wang, Limin; Yan, Yongping; Xiao, Shuiyuan",JPAD-JOURNAL OF PREVENTION OF ALZHEIMERS DISEASE,2026,10.1016/j.tjpad.2026.100659,0,Dementia; Prevalence; Health service use; Care need,Article,https://www.webofscience.com/api/gateway?GWVersion=2&SrcApp=wos-lit-review_kkk&SrcAuth=WosAPI&KeyUT=WOS:001854362700001&DestLinkType=FullRecord&DestApp=WOS_CPL,wos_unmet_care_supplement
WOS:001855767500001,Exploring a Facilitator-Enabled Flexible iSupport for Dementia Program: An Internal Pilot Mixed-Methods Study,"Yu, Ying; Xiao, Lily; Ullah, Shahid; Meyer, Claudia; Chapman, Michael; Tan, Kai Ping; Chen, Langduo; Ratcliffe, Julie; Kitson, Alison; Andrade, Andre Q.; Whitehead, Craig; McKechnie, Sue",NURSING OPEN,2026,10.1002/nop2.70774,0,,Article,https://www.webofscience.com/api/gateway?GWVersion=2&SrcApp=wos-lit-review_kkk&SrcAuth=WosAPI&KeyUT=WOS:001855767500001&DestLinkType=FullRecord&DestApp=WOS_CPL,wos_unmet_care_supplement
WOS:001859855500001,A qualitative study to reveal devastating impacts of chronic fracture-related infection,"Wu, Hongri; Yu, Shengpeng; Xia, Haizhen; Wang, Shulin; Xie, Zhao; Xu, Tianming",SCIENTIFIC REPORTS,2026,10.1038/s41598-026-55802-4,0,Qualitative study; Fracture-related infection; Interviews; Burden,Article,https://www.webofscience.com/api/gateway?GWVersion=2&SrcApp=wos-lit-review_kkk&SrcAuth=WosAPI&KeyUT=WOS:001859855500001&DestLinkType=FullRecord&DestApp=WOS_CPL,wos_unmet_care_supplement
WOS:001864940700001,The Haemophilia Health Journey: Experiences and Unmet Care Needs of Caregivers and Their Young Children,"Mussert, Caroline M. A.; Kempers, Eva K.; van Hoorn, Evelien S.; Kerimoglu, Ekin; Melles, Marijke; Gielen, Mathieu A.; Albayrak, Armagan; Ahaus, Kees T. B.; Reitsma, Simone H.; Gouw, Samantha C.; Cnossen, Marjon H.",HAEMOPHILIA,2026,10.1111/hae.70383,0,children; haemophilia; patient experience; qualitative research; unmet care needs,Article; Early Access,https://www.webofscience.com/api/gateway?GWVersion=2&SrcApp=wos-lit-review_kkk&SrcAuth=WosAPI&KeyUT=WOS:001864940700001&DestLinkType=FullRecord&DestApp=WOS_CPL,wos_unmet_care_supplement
WOS:001866065400001,"Living with stroke-related visual impairment: a qualitative exploration of lived experience, self-management, and support needs","Ryan, Ciara; Lawrence, Maggie; Kidd, Lisa; Hazelton, Christine",DISABILITY AND REHABILITATION,2026,10.1080/09638288.2026.2720766,0,Stroke; visual impairment; lived experience; self-management; qualitative research; rehabilitation,Article; Early Access,https://www.webofscience.com/api/gateway?GWVersion=2&SrcApp=wos-lit-review_kkk&SrcAuth=WosAPI&KeyUT=WOS:001866065400001&DestLinkType=FullRecord&DestApp=WOS_CPL,wos_unmet_care_supplement
WOS:001865942000001,Long-term care insurance and unmet needs in China: perspectives of older adults and family members,"Zhang, Jinbao; Chan, Wing Kit; Hu, Bo; Gao, Jinghua",EUROPEAN JOURNAL OF AGEING,2026,10.1007/s10433-026-00938-5,0,Care poverty; Well-being; Cash-for-care; Home- and community-based services; Older adults,Article,https://www.webofscience.com/api/gateway?GWVersion=2&SrcApp=wos-lit-review_kkk&SrcAuth=WosAPI&KeyUT=WOS:001865942000001&DestLinkType=FullRecord&DestApp=WOS_CPL,wos_unmet_care_supplement
